Id,Expected
0,3.4485795497894287
1,1.0344274044036865
2,0.5782650113105774
3,0.32783961296081543
4,4.7093119621276855
5,1.5361565351486206
6,0.5608304142951965
7,1.3212534189224243
8,1.2777576446533203
9,0.7977944612503052
10,0.9540700316429138
11,1.2626869678497314
12,1.1199219226837158
13,0.5052736401557922
14,0.9236823916435242
15,1.1788512468338013
16,0.600218653678894
17,0.9478226900100708
18,0.5528377890586853
19,1.8506474494934082
20,2.537611961364746
21,0.9772759079933167
22,5.39606237411499
23,0.9076792597770691
24,1.1862821578979492
25,0.8850615620613098
26,0.48552030324935913
27,0.7850989103317261
28,0.23613786697387695
29,0.2576042115688324
30,5.21120023727417
31,0.39899852871894836
32,0.5465999245643616
33,0.6665406227111816
34,1.5818169116973877
35,0.6208218336105347
36,0.8711270689964294
37,0.38058188557624817
38,0.8804709315299988
39,0.9862375259399414
40,0.693569540977478
41,1.4765487909317017
42,1.2171705961227417
43,0.3897879719734192
44,1.7382292747497559
45,0.9693971276283264
46,4.914533615112305
47,1.0262253284454346
48,1.3495219945907593
49,2.0467727184295654
50,0.42083796858787537
51,0.5742097496986389
52,0.9335346221923828
53,0.829139232635498
54,0.7419601678848267
55,5.265021324157715
56,5.863651275634766
57,1.3301796913146973
58,5.350363254547119
59,1.4948533773422241
60,5.549542427062988
61,1.2282575368881226
62,5.614159107208252
63,5.686241626739502
64,0.6917225122451782
65,5.3748345375061035
66,0.5072234272956848
67,1.2437427043914795
68,0.4794365167617798
69,4.013359069824219
70,5.299313545227051
71,0.9700691103935242
72,0.8662671446800232
73,0.9967817068099976
74,0.6775596141815186
75,6.078014850616455
76,2.224139451980591
77,0.3256992697715759
78,1.8604536056518555
79,0.6566254496574402
80,1.2396420240402222
81,0.0
82,0.9715411067008972
83,1.3582229614257812
84,0.28211408853530884
85,0.37158167362213135
86,1.3890509605407715
87,6.1307172775268555
88,0.5272998213768005
89,1.8925368785858154
90,0.45891010761260986
91,3.697662591934204
92,5.296774387359619
93,2.9430506229400635
94,1.7351694107055664
95,0.48513856530189514
96,2.3065950870513916
97,0.6195873618125916
98,0.5882340669631958
99,5.486152172088623
100,2.1377358436584473
101,0.5235327482223511
102,0.7563695311546326
103,0.785361111164093
104,0.7286078929901123
105,3.0999374389648438
106,5.625504493713379
107,1.2101595401763916
108,5.4411516189575195
109,1.2813223600387573
110,0.7409922480583191
111,0.9169087409973145
112,2.513434410095215
113,5.474904537200928
114,0.9376569390296936
115,0.8366338610649109
116,0.8996537327766418
117,1.357172966003418
118,4.411413192749023
119,0.3944209814071655
120,2.6855154037475586
121,0.8166453242301941
122,0.804622232913971
123,0.6309360861778259
124,1.1643450260162354
125,0.7369608283042908
126,0.7829502820968628
127,1.1791802644729614
128,1.2472854852676392
129,0.8074319362640381
130,1.3727021217346191
131,2.0160574913024902
132,0.5983762145042419
133,0.8487584590911865
134,0.7994565367698669
135,0.9384821653366089
136,1.4427268505096436
137,1.0273281335830688
138,0.25446757674217224
139,0.0
140,1.6940712928771973
141,5.061208724975586
142,0.7618739008903503
143,0.6875365376472473
144,0.929862380027771
145,2.572948694229126
146,2.2231369018554688
147,0.897607684135437
148,0.27553093433380127
149,5.57784366607666
150,1.016282081604004
151,2.3290348052978516
152,2.3771729469299316
153,0.7367222309112549
154,1.0965149402618408
155,1.1479507684707642
156,5.324606418609619
157,0.9615657329559326
158,1.3009833097457886
159,0.6346377730369568
160,6.173031330108643
161,3.083752155303955
162,1.2028546333312988
163,0.5390772223472595
164,0.9914117455482483
165,0.5693284273147583
166,0.8869414329528809
167,0.7473466992378235
168,0.6624494791030884
169,1.189557671546936
170,0.26824772357940674
171,1.4806219339370728
172,0.7755691409111023
173,0.7173628807067871
174,0.8916749954223633
175,1.4465649127960205
176,0.9796059131622314
177,0.44562065601348877
178,0.4329585134983063
179,1.5021635293960571
180,0.27866291999816895
181,0.9987005591392517
182,1.2008583545684814
183,0.9342760443687439
184,2.5038466453552246
185,0.8512471914291382
186,1.482962965965271
187,1.9358081817626953
188,2.7816572189331055
189,5.1908955574035645
190,0.9522902965545654
191,1.3496544361114502
192,0.7640636563301086
193,0.31313884258270264
194,4.945334434509277
195,5.3966593742370605
196,0.6949962973594666
197,0.840870201587677
198,0.6042454242706299
199,0.4465875029563904
200,3.591679334640503
201,0.42571577429771423
202,1.2587519884109497
203,1.469146490097046
204,0.3658260405063629
205,1.3243250846862793
206,1.7459533214569092
207,1.1696513891220093
208,3.6709377765655518
209,0.8935381174087524
210,0.7624019980430603
211,0.9892956614494324
212,5.2019243240356445
213,1.0215764045715332
214,1.0979851484298706
215,3.040864944458008
216,0.5086588263511658
217,0.9915726780891418
218,4.8271870613098145
219,0.7337934374809265
220,0.6717635989189148
221,0.784951388835907
222,0.869522750377655
223,0.8019858002662659
224,5.884305000305176
225,1.2054719924926758
226,1.2557854652404785
227,0.5992637276649475
228,4.7000579833984375
229,0.6395796537399292
230,2.562866449356079
231,5.579554557800293
232,3.193300485610962
233,0.5342918038368225
234,0.7487987279891968
235,0.6673616170883179
236,0.2963499128818512
237,1.472032070159912
238,5.561972141265869
239,4.622921466827393
240,4.754687309265137
241,0.0
242,1.6406978368759155
243,0.0
244,1.1713322401046753
245,2.494737386703491
246,0.6381977796554565
247,0.7341752648353577
248,0.5302500128746033
249,0.7499936819076538
250,0.807529866695404
251,1.2733381986618042
252,2.589069128036499
253,4.245822906494141
254,0.9043048620223999
255,5.5405378341674805
256,0.5247575044631958
257,0.8709214329719543
258,4.668423175811768
259,0.34481126070022583
260,0.4824009835720062
261,2.718594551086426
262,0.695552408695221
263,0.8268565535545349
264,0.28077805042266846
265,0.7471177577972412
266,0.44668614864349365
267,1.5631881952285767
268,1.120091199874878
269,0.9840997457504272
270,1.3618395328521729
271,0.8055961728096008
272,1.6135740280151367
273,2.1481640338897705
274,2.183457851409912
275,0.7531240582466125
276,2.3374509811401367
277,1.1098575592041016
278,1.2077099084854126
279,4.6217803955078125
280,6.131039142608643
281,0.7838185429573059
282,0.7833718061447144
283,1.1592590808868408
284,0.0
285,0.8172160387039185
286,0.9234785437583923
287,1.1589378118515015
288,1.0480176210403442
289,0.4424820840358734
290,1.9277013540267944
291,0.5269278883934021
292,0.9444389343261719
293,0.30153128504753113
294,0.8721820116043091
295,0.5398675799369812
296,0.0
297,1.147111415863037
298,0.6729825735092163
299,1.1106098890304565
300,0.9798277616500854
301,0.9314422607421875
302,0.7819042801856995
303,0.4278164505958557
304,0.6858320832252502
305,1.167034387588501
306,5.584346294403076
307,1.3013677597045898
308,1.1229159832000732
309,0.3687801957130432
310,0.7199660539627075
311,1.524369478225708
312,5.426000595092773
313,3.1062116622924805
314,1.24103844165802
315,0.8668977618217468
316,2.5410430431365967
317,4.428747177124023
318,1.1358847618103027
319,5.848961353302002
320,0.7607992887496948
321,0.8266854882240295
322,0.45735493302345276
323,0.6045137047767639
324,0.6864338517189026
325,0.29246559739112854
326,1.0547395944595337
327,0.28331202268600464
328,1.2928422689437866
329,0.2806509733200073
330,2.8610639572143555
331,0.43419909477233887
332,1.6107004880905151
333,2.5075807571411133
334,0.9218699932098389
335,0.0
336,1.4570825099945068
337,1.1925214529037476
338,2.025301694869995
339,1.2910600900650024
340,1.3868374824523926
341,2.408787965774536
342,0.2998915910720825
343,0.537082314491272
344,1.0492693185806274
345,0.5342642664909363
346,1.066908359527588
347,0.6658093929290771
348,0.42804741859436035
349,1.4793154001235962
350,0.7270228862762451
351,0.8028079271316528
352,0.4308216869831085
353,1.3477016687393188
354,0.47944045066833496
355,0.8416979312896729
356,2.336834669113159
357,0.45674142241477966
358,1.2019562721252441
359,1.1922345161437988
360,1.1387799978256226
361,0.0
362,1.5674242973327637
363,0.8783943057060242
364,0.8531002998352051
365,5.53525447845459
366,0.8914717435836792
367,0.5130141973495483
368,1.3259942531585693
369,1.0020387172698975
370,0.9114108085632324
371,0.9410676956176758
372,1.2372568845748901
373,0.6827207207679749
374,0.8802447319030762
375,0.4951166808605194
376,5.325308322906494
377,0.9009343385696411
378,0.8214344382286072
379,0.7004304528236389
380,1.5092313289642334
381,1.0920010805130005
382,1.578118085861206
383,0.0
384,0.6698078513145447
385,0.7995176315307617
386,1.07084059715271
387,4.321194648742676
388,0.9285849332809448
389,5.290837287902832
390,1.018221378326416
391,1.3475950956344604
392,2.3812830448150635
393,1.2760945558547974
394,3.570882797241211
395,0.7212948799133301
396,1.0243133306503296
397,0.29419198632240295
398,5.306384563446045
399,0.48639312386512756
400,0.30612504482269287
401,0.30196845531463623
402,0.5211118459701538
403,0.28714287281036377
404,4.117366313934326
405,0.9509449005126953
406,1.1415865421295166
407,0.6443005204200745
408,2.378244638442993
409,1.0702409744262695
410,0.4319984018802643
411,2.315870523452759
412,0.739635705947876
413,0.28152433037757874
414,1.013586163520813
415,0.0
416,0.7206208109855652
417,2.4022247791290283
418,0.7293407917022705
419,0.5639063715934753
420,4.09553861618042
421,5.574147701263428
422,5.376730918884277
423,0.6764808893203735
424,0.7024268507957458
425,1.0362480878829956
426,0.2575211226940155
427,1.0246220827102661
428,0.278205931186676
429,0.6237399578094482
430,1.7740510702133179
431,0.43009769916534424
432,0.5875398516654968
433,0.3306291401386261
434,0.7348663210868835
435,0.6866098046302795
436,0.28404533863067627
437,1.2417664527893066
438,0.857495903968811
439,0.2586866617202759
440,0.8186300992965698
441,0.696100652217865
442,1.607896327972412
443,0.7503578662872314
444,0.7297080159187317
445,0.9579966068267822
446,0.29439547657966614
447,0.6482080221176147
448,3.132420301437378
449,1.0778576135635376
450,0.8594805002212524
451,0.6358051896095276
452,3.9845383167266846
453,0.27549201250076294
454,0.8358006477355957
455,0.0
456,2.2519288063049316
457,0.280248761177063
458,1.0654006004333496
459,0.5216419100761414
460,0.8011772036552429
461,0.381100594997406
462,0.0
463,0.5026425719261169
464,2.5449674129486084
465,0.3006855249404907
466,0.8164435625076294
467,1.3911083936691284
468,1.2324490547180176
469,0.7043914198875427
470,0.7018559575080872
471,1.0106171369552612
472,0.6612709760665894
473,0.8096187114715576
474,0.9738216996192932
475,0.7312973737716675
476,0.9222299456596375
477,0.2865654230117798
478,1.2827191352844238
479,5.166912078857422
480,0.5548121333122253
481,1.1127064228057861
482,4.868374824523926
483,0.933201014995575
484,0.9744367003440857
485,0.0
486,1.1579809188842773
487,5.921566009521484
488,0.8619412779808044
489,1.6405447721481323
490,0.5066896677017212
491,0.8943653702735901
492,1.128340244293213
493,0.5524193644523621
494,0.6214057803153992
495,1.100543737411499
496,1.4468729496002197
497,0.852181613445282
498,0.37194201350212097
499,1.016851782798767
500,0.6101894378662109
501,0.0
502,2.0073885917663574
503,0.7077885866165161
504,0.48316553235054016
505,0.6718982458114624
506,1.6724880933761597
507,1.9718780517578125
508,0.0
509,1.1360905170440674
510,0.0
511,0.8059555888175964
512,1.3060296773910522
513,0.2870679199695587
514,1.7876911163330078
515,0.9632082581520081
516,1.6478948593139648
517,0.771373450756073
518,1.2544264793395996
519,0.9177526235580444
520,0.6912158727645874
521,3.2334790229797363
522,5.9817681312561035
523,0.9337756633758545
524,1.1007980108261108
525,0.7233770489692688
526,1.222987174987793
527,0.9104440808296204
528,0.9665180444717407
529,0.5159169435501099
530,2.341681957244873
531,1.456477165222168
532,2.007009267807007
533,1.6079059839248657
534,0.9607265591621399
535,2.256423234939575
536,0.6375410556793213
537,3.702859878540039
538,4.867406368255615
539,0.32939743995666504
540,0.987434446811676
541,1.3471012115478516
542,1.6032415628433228
543,1.8425867557525635
544,0.3268370032310486
545,0.8047387003898621
546,0.6297540068626404
547,1.3918992280960083
548,0.2838403582572937
549,5.890848636627197
550,3.880068302154541
551,1.5573642253875732
552,0.7460270524024963
553,1.0406954288482666
554,0.7568681836128235
555,1.1296929121017456
556,4.053308010101318
557,5.173880577087402
558,1.0852136611938477
559,0.8569046258926392
560,1.0376123189926147
561,0.4343976676464081
562,3.274616241455078
563,5.021242141723633
564,1.311018943786621
565,0.4724125862121582
566,0.442340612411499
567,0.6773390769958496
568,0.4498412311077118
569,1.4239104986190796
570,0.6075388193130493
571,0.8069232702255249
572,0.30899378657341003
573,0.9825686812400818
574,5.343344211578369
575,0.926174521446228
576,0.9595975279808044
577,0.7683454155921936
578,0.0
579,1.278717279434204
580,0.28612199425697327
581,1.4472696781158447
582,1.7521398067474365
583,1.177196979522705
584,0.7693979144096375
585,1.1284478902816772
586,4.504246234893799
587,0.3171486258506775
588,1.8012338876724243
589,0.3763691186904907
590,1.0724241733551025
591,0.7173126935958862
592,0.8495358824729919
593,2.1552975177764893
594,0.45773279666900635
595,4.259982585906982
596,6.044214725494385
597,0.730301022529602
598,1.0629751682281494
599,0.7104188203811646
600,5.453019142150879
601,0.6421573162078857
602,2.4409005641937256
603,0.0
604,0.0
605,0.8881227970123291
606,5.269542217254639
607,0.28857502341270447
608,1.0550117492675781
609,1.602113127708435
610,0.4244004487991333
611,2.0482492446899414
612,4.942237377166748
613,1.0189794301986694
614,1.2376362085342407
615,0.7525176405906677
616,0.9778227806091309
617,0.8708953857421875
618,0.9710643887519836
619,1.6208168268203735
620,1.219989538192749
621,3.5168099403381348
622,0.7179712653160095
623,4.427202224731445
624,0.8357349634170532
625,0.9935039281845093
626,0.2862768769264221
627,1.0600523948669434
628,4.608964920043945
629,1.058876395225525
630,1.9294403791427612
631,0.7436651587486267
632,4.642755031585693
633,2.454378128051758
634,0.0
635,1.1525262594223022
636,5.404343128204346
637,0.9015815854072571
638,0.25500282645225525
639,1.973845362663269
640,1.7348015308380127
641,1.0805519819259644
642,0.5410351753234863
643,0.8797414302825928
644,0.9669569730758667
645,2.7106893062591553
646,0.8692086935043335
647,1.0514198541641235
648,0.5741422772407532
649,5.455856800079346
650,0.5803700685501099
651,0.6779513955116272
652,0.5939525365829468
653,1.4118825197219849
654,1.1891916990280151
655,0.7267588973045349
656,1.5033313035964966
657,0.6234025955200195
658,5.163387298583984
659,1.1097086668014526
660,0.2809528410434723
661,0.9284563064575195
662,0.2801729440689087
663,0.7499060034751892
664,1.171549677848816
665,6.016136169433594
666,0.8857200741767883
667,0.5955460667610168
668,0.8608388900756836
669,1.053750991821289
670,0.8492169380187988
671,0.4810313284397125
672,0.671221911907196
673,0.6392244696617126
674,0.9451594352722168
675,1.2806907892227173
676,0.31800705194473267
677,0.7204657793045044
678,0.981360137462616
679,0.5951226949691772
680,2.2663865089416504
681,0.4580686092376709
682,0.8574050068855286
683,2.4072275161743164
684,0.6672163009643555
685,0.8801981210708618
686,0.8385544419288635
687,0.9297215938568115
688,0.8753229379653931
689,0.3573523461818695
690,0.8308018445968628
691,2.4677979946136475
692,1.1589229106903076
693,0.49034419655799866
694,0.997257649898529
695,0.8401098251342773
696,1.4677188396453857
697,0.3594365119934082
698,0.763916552066803
699,0.5406155586242676
700,0.9925469756126404
701,0.28381356596946716
702,4.8696465492248535
703,0.8791760802268982
704,1.138953685760498
705,3.0139822959899902
706,2.607811689376831
707,5.612032890319824
708,2.1252801418304443
709,1.7312086820602417
710,0.5100089311599731
711,4.536198616027832
712,2.448051929473877
713,0.6479108333587646
714,2.1005630493164062
715,0.749642550945282
716,0.0
717,2.392165422439575
718,0.7027396559715271
719,1.0275763273239136
720,1.3766368627548218
721,0.0
722,0.9634090065956116
723,0.6820022463798523
724,0.5092085599899292
725,0.8653984665870667
726,1.5185456275939941
727,1.347916841506958
728,5.332256317138672
729,1.4417394399642944
730,0.6891242265701294
731,0.9949161410331726
732,0.9746219515800476
733,5.730917930603027
734,1.0434536933898926
735,0.925414502620697
736,1.3346582651138306
737,2.2567715644836426
738,1.3010555505752563
739,0.6892646551132202
740,2.88576340675354
741,1.2706905603408813
742,1.1344821453094482
743,1.795255422592163
744,1.426345944404602
745,1.1124416589736938
746,1.2503355741500854
747,0.9441520571708679
748,5.499782085418701
749,0.7542474865913391
750,0.27916470170021057
751,1.0434162616729736
752,1.2365763187408447
753,4.897977828979492
754,2.609062910079956
755,0.28290438652038574
756,3.1233279705047607
757,0.6859683990478516
758,0.8118391036987305
759,5.384237766265869
760,1.1010602712631226
761,0.5220154523849487
762,1.335082769393921
763,0.6986702680587769
764,4.713238716125488
765,0.86917644739151
766,0.28945213556289673
767,0.5220756530761719
768,0.2948777675628662
769,0.2542286217212677
770,0.7729098200798035
771,2.041903018951416
772,0.0
773,0.7405139803886414
774,1.6243680715560913
775,2.468515396118164
776,1.0028008222579956
777,1.4194341897964478
778,4.439758777618408
779,1.3357102870941162
780,2.066422462463379
781,0.4441833198070526
782,0.6404763460159302
783,0.7055287957191467
784,0.9310528039932251
785,5.496115207672119
786,1.7478727102279663
787,0.0
788,0.7496851682662964
789,0.2867082953453064
790,3.035733222961426
791,5.926380157470703
792,0.6887982487678528
793,0.9181622862815857
794,1.061919093132019
795,0.7949458360671997
796,0.0
797,0.90692138671875
798,0.8554829955101013
799,0.31667768955230713
800,5.621942043304443
801,1.1100560426712036
802,0.9977191686630249
803,2.3032190799713135
804,0.8638556599617004
805,1.1859298944473267
806,5.717233657836914
807,0.6927255988121033
808,0.9296102523803711
809,1.1148781776428223
810,0.6818696856498718
811,5.418059349060059
812,1.3107439279556274
813,1.1477056741714478
814,0.8346679210662842
815,1.8166671991348267
816,0.9203495979309082
817,0.7956738471984863
818,0.0
819,0.5017005205154419
820,1.3295040130615234
821,0.5077934861183167
822,0.28231510519981384
823,4.040230751037598
824,0.8996962308883667
825,0.9355095624923706
826,0.5956085324287415
827,1.8116263151168823
828,2.6464221477508545
829,1.437996745109558
830,0.5054177045822144
831,0.5065416097640991
832,1.162824034690857
833,1.0650814771652222
834,5.957608222961426
835,0.18153133988380432
836,0.4817716181278229
837,0.3271024227142334
838,0.636900007724762
839,3.3146018981933594
840,1.3459771871566772
841,0.5093119740486145
842,0.46035096049308777
843,0.7117969989776611
844,5.651532173156738
845,1.6059598922729492
846,2.0479917526245117
847,1.4483815431594849
848,5.563288688659668
849,2.6432855129241943
850,0.23578478395938873
851,2.4258997440338135
852,0.7107024192810059
853,0.8711511492729187
854,0.49097806215286255
855,1.146302580833435
856,1.1481353044509888
857,0.32053136825561523
858,5.7637457847595215
859,0.8981590270996094
860,1.7350348234176636
861,1.8017451763153076
862,1.3321930170059204
863,0.936208188533783
864,0.7719378471374512
865,0.5987746715545654
866,0.5077776908874512
867,0.5500398278236389
868,1.0957976579666138
869,0.0
870,0.7261103987693787
871,0.5335447788238525
872,0.8699079155921936
873,0.0
874,0.7353630661964417
875,0.4796920120716095
876,5.458950519561768
877,0.3671432137489319
878,1.0236512422561646
879,1.091896414756775
880,2.587132453918457
881,0.7399235367774963
882,1.90483558177948
883,0.0
884,1.2401777505874634
885,0.6986520290374756
886,0.6855311989784241
887,1.4512321949005127
888,0.9254717230796814
889,2.0895445346832275
890,0.6388399600982666
891,0.5064331293106079
892,0.849866509437561
893,0.5044994354248047
894,0.5326235890388489
895,5.227580547332764
896,2.0430920124053955
897,0.4960022568702698
898,2.665288209915161
899,1.0051754713058472
900,0.8071898818016052
901,0.0
902,4.482758045196533
903,0.9217746257781982
904,0.6039494872093201
905,0.7225838303565979
906,1.0051417350769043
907,4.2772932052612305
908,2.712761640548706
909,0.42929866909980774
910,1.6209943294525146
911,1.3923343420028687
912,1.4597989320755005
913,1.8193325996398926
914,0.756191611289978
915,1.1554940938949585
916,1.3466596603393555
917,1.454189419746399
918,1.5916935205459595
919,0.5035794377326965
920,0.0
921,0.878623366355896
922,0.6977684497833252
923,1.1391428709030151
924,1.4178862571716309
925,0.7782911062240601
926,0.3247418999671936
927,0.5762549638748169
928,1.1186126470565796
929,1.1610875129699707
930,0.4546334147453308
931,1.0583703517913818
932,0.30293214321136475
933,1.1968473196029663
934,1.4672009944915771
935,0.2518484890460968
936,1.0339850187301636
937,1.188831090927124
938,0.6831061244010925
939,0.7916547060012817
940,1.3066954612731934
941,0.554789125919342
942,0.9259427785873413
943,0.4455777108669281
944,0.8990177512168884
945,5.492821216583252
946,1.4074054956436157
947,0.44291457533836365
948,2.149848699569702
949,0.0
950,1.191806674003601
951,1.208419919013977
952,5.38538932800293
953,6.048111915588379
954,1.765896201133728
955,0.957781970500946
956,0.9962717890739441
957,5.721689224243164
958,2.492814540863037
959,0.0
960,0.9774364233016968
961,0.6620165705680847
962,5.091090679168701
963,0.6996777057647705
964,0.6976158022880554
965,0.2716827094554901
966,5.870051860809326
967,0.19776126742362976
968,4.615322589874268
969,1.6348259449005127
970,0.26651135087013245
971,3.357611656188965
972,1.2627097368240356
973,0.5371013879776001
974,0.9061372876167297
975,5.245811939239502
976,0.7117127180099487
977,0.7481839060783386
978,1.2239429950714111
979,0.0
980,0.4398954510688782
981,0.3171243667602539
982,0.856537938117981
983,0.28758761286735535
984,0.9093477725982666
985,5.956506252288818
986,0.5826669335365295
987,1.3655239343643188
988,0.8688597083091736
989,1.0218969583511353
990,0.26761388778686523
991,0.9423279166221619
992,0.808554470539093
993,1.420674204826355
994,4.937313556671143
995,1.0458669662475586
996,1.271845817565918
997,0.4789799749851227
998,1.1389473676681519
999,0.8244930505752563
1000,0.9559518694877625
1001,0.886127233505249
1002,4.223863124847412
1003,0.31721770763397217
1004,1.0680969953536987
1005,0.25012534856796265
1006,1.186126470565796
1007,5.727686405181885
1008,6.026059150695801
1009,5.485983848571777
1010,0.5587030053138733
1011,1.4548310041427612
1012,2.1114444732666016
1013,4.762955188751221
1014,0.5246819853782654
1015,0.4984282851219177
1016,1.4057502746582031
1017,0.997844934463501
1018,0.7014477849006653
1019,0.8384184241294861
1020,3.7474889755249023
1021,0.6842529773712158
1022,0.8005505800247192
1023,1.442200779914856
1024,1.040318250656128
1025,0.5705288648605347
1026,1.9625495672225952
1027,0.9395107626914978
1028,0.24876387417316437
1029,5.394089698791504
1030,1.0966283082962036
1031,3.3772199153900146
1032,1.2475535869598389
1033,0.9949142932891846
1034,2.7244629859924316
1035,0.7896192073822021
1036,0.8888447284698486
1037,0.6244176030158997
1038,2.9728784561157227
1039,0.8730441927909851
1040,5.272970199584961
1041,0.7115920782089233
1042,0.4906051456928253
1043,0.4617750942707062
1044,0.35126546025276184
1045,0.9811683297157288
1046,1.7075895071029663
1047,0.0
1048,1.2971587181091309
1049,1.6332896947860718
1050,0.36082857847213745
1051,1.7366665601730347
1052,0.5193833708763123
1053,0.6645954847335815
1054,0.5769915580749512
1055,1.9269428253173828
1056,1.1278791427612305
1057,0.5530936121940613
1058,0.6547273993492126
1059,1.557415246963501
1060,1.1421838998794556
1061,0.845074474811554
1062,0.31008920073509216
1063,1.2338612079620361
1064,0.7294290065765381
1065,5.55377197265625
1066,0.2674989700317383
1067,1.0828648805618286
1068,2.537710428237915
1069,0.8087839484214783
1070,0.5472245812416077
1071,0.7700203061103821
1072,1.9893156290054321
1073,2.8635990619659424
1074,2.5575380325317383
1075,0.5729149580001831
1076,0.27581289410591125
1077,0.8061099052429199
1078,0.6585882306098938
1079,0.24042579531669617
1080,0.8294514417648315
1081,0.8035600185394287
1082,1.1646991968154907
1083,1.3980196714401245
1084,0.0
1085,1.463703989982605
1086,0.710120677947998
1087,0.6717163324356079
1088,2.137111186981201
1089,3.405639886856079
1090,1.311982274055481
1091,0.9562597274780273
1092,0.8676581978797913
1093,0.5368163585662842
1094,0.39532122015953064
1095,5.42288064956665
1096,1.2735179662704468
1097,0.8552618622779846
1098,1.56306791305542
1099,0.6551463603973389
1100,0.5319168567657471
1101,1.4300696849822998
1102,0.6434136629104614
1103,0.42109817266464233
1104,0.748997151851654
1105,1.0483256578445435
1106,2.137664794921875
1107,1.7152327299118042
1108,0.6346346735954285
1109,1.3064007759094238
1110,1.3561210632324219
1111,1.5623021125793457
1112,0.543243944644928
1113,2.1379811763763428
1114,1.2584658861160278
1115,0.9816213250160217
1116,1.5439597368240356
1117,1.3094836473464966
1118,0.5274467468261719
1119,1.5736085176467896
1120,1.2708326578140259
1121,0.6517043113708496
1122,1.0371652841567993
1123,0.6713564991950989
1124,0.9390349984169006
1125,1.9161405563354492
1126,1.4613879919052124
1127,0.8484103083610535
1128,0.9455087780952454
1129,0.30570417642593384
1130,1.2271603345870972
1131,2.3657782077789307
1132,2.2342402935028076
1133,1.6201883554458618
1134,0.0
1135,0.9224581122398376
1136,0.8870994448661804
1137,1.0635391473770142
1138,0.6485393047332764
1139,0.0
1140,1.4549217224121094
1141,3.4036865234375
1142,1.7660175561904907
1143,0.0
1144,2.2705276012420654
1145,0.6851682662963867
1146,0.6357327699661255
1147,0.0
1148,0.4914723336696625
1149,0.3312463164329529
1150,0.707987368106842
1151,3.6605136394500732
1152,1.042851209640503
1153,4.11324405670166
1154,0.0
1155,0.7839280962944031
1156,1.223687767982483
1157,0.2857587933540344
1158,2.8132872581481934
1159,1.0682966709136963
1160,5.530730247497559
1161,0.8918390274047852
1162,0.8038851022720337
1163,0.9351294636726379
1164,0.8136875033378601
1165,1.386216163635254
1166,1.6271238327026367
1167,0.8860003352165222
1168,0.9752100706100464
1169,5.4762678146362305
1170,0.8544849157333374
1171,1.220674991607666
1172,4.673776626586914
1173,1.3151925802230835
1174,0.8142987489700317
1175,0.5255606174468994
1176,0.49224281311035156
1177,1.3236346244812012
1178,0.6650902628898621
1179,0.6844338774681091
1180,0.4922420382499695
1181,0.7857245206832886
1182,4.595105171203613
1183,0.45595604181289673
1184,1.4035148620605469
1185,0.6923049688339233
1186,4.567357540130615
1187,0.27849116921424866
1188,0.37980806827545166
1189,1.005872130393982
1190,0.690191924571991
1191,0.9334366917610168
1192,0.9872459173202515
1193,0.6381778120994568
1194,0.5668268799781799
1195,2.1960198879241943
1196,1.0397615432739258
1197,0.5851041078567505
1198,1.2398836612701416
1199,0.5706929564476013
1200,1.067167043685913
1201,0.9597386121749878
1202,1.8921056985855103
1203,0.0
1204,0.9646755456924438
1205,1.2645395994186401
1206,0.257007896900177
1207,0.8650465607643127
1208,0.7847478985786438
1209,0.7834515571594238
1210,0.7588087916374207
1211,0.8959549069404602
1212,1.8630468845367432
1213,3.912104606628418
1214,1.3335657119750977
1215,0.9867244362831116
1216,1.678155779838562
1217,0.8794023990631104
1218,2.19494891166687
1219,5.74341344833374
1220,1.3800867795944214
1221,1.0606619119644165
1222,0.49775853753089905
1223,4.8660712242126465
1224,0.619465172290802
1225,0.7931326031684875
1226,0.3335447311401367
1227,2.4385290145874023
1228,1.0721180438995361
1229,0.6127985119819641
1230,3.6563684940338135
1231,1.4827370643615723
1232,5.908363342285156
1233,0.8691301345825195
1234,0.6709416508674622
1235,0.5413564443588257
1236,0.6245294213294983
1237,0.8714179992675781
1238,0.7230536937713623
1239,0.4633280336856842
1240,0.275907039642334
1241,1.759904384613037
1242,0.7298665046691895
1243,0.806607723236084
1244,1.278309941291809
1245,0.0
1246,0.876117467880249
1247,5.518154144287109
1248,0.8735079765319824
1249,0.6969583034515381
1250,0.30287832021713257
1251,1.2213443517684937
1252,5.457705020904541
1253,0.0
1254,1.3940153121948242
1255,2.7274656295776367
1256,0.6421934962272644
1257,0.9034950733184814
1258,0.8072792291641235
1259,5.092617988586426
1260,4.585943698883057
1261,0.9737151265144348
1262,5.0565595626831055
1263,0.3227989375591278
1264,1.8172357082366943
1265,4.279534816741943
1266,0.5689058303833008
1267,1.2079005241394043
1268,0.7607539296150208
1269,4.667857646942139
1270,0.728489339351654
1271,0.7000706791877747
1272,0.7359648942947388
1273,0.6050340533256531
1274,0.64940345287323
1275,0.5859447717666626
1276,1.3223305940628052
1277,1.763201355934143
1278,0.811581552028656
1279,2.5802934169769287
1280,1.679426908493042
1281,0.5976453423500061
1282,0.8445095419883728
1283,1.2913215160369873
1284,1.0389670133590698
1285,2.2372851371765137
1286,3.922905683517456
1287,0.5542383790016174
1288,0.7655798196792603
1289,0.8606593012809753
1290,4.057583332061768
1291,0.26606592535972595
1292,5.213043689727783
1293,0.2256200909614563
1294,0.7843391299247742
1295,0.9664852023124695
1296,1.1516523361206055
1297,3.2877466678619385
1298,4.617804050445557
1299,3.892291784286499
1300,1.169292688369751
1301,1.5420737266540527
1302,5.508639335632324
1303,5.881594181060791
1304,0.7295213341712952
1305,1.1223467588424683
1306,5.527750492095947
1307,1.5033625364303589
1308,0.7101491689682007
1309,0.7605541944503784
1310,5.280158519744873
1311,0.2612157166004181
1312,0.5602885484695435
1313,2.0432283878326416
1314,0.9461759328842163
1315,2.0049779415130615
1316,0.0
1317,0.9555092453956604
1318,0.0
1319,0.4691123366355896
1320,5.595704078674316
1321,1.165271282196045
1322,1.65384042263031
1323,0.7459895014762878
1324,0.8160361051559448
1325,0.2786448001861572
1326,1.6072839498519897
1327,1.0229175090789795
1328,0.4929009974002838
1329,1.0016567707061768
1330,5.156801223754883
1331,0.9503037929534912
1332,1.0493465662002563
1333,1.2954076528549194
1334,4.964908123016357
1335,1.189270257949829
1336,0.9349528551101685
1337,0.858538031578064
1338,0.6704655885696411
1339,1.0836459398269653
1340,0.7003238201141357
1341,0.9479314088821411
1342,1.2351444959640503
1343,1.6933420896530151
1344,0.7256194353103638
1345,4.8776679039001465
1346,0.5559715032577515
1347,1.2917546033859253
1348,0.2962965667247772
1349,1.0165083408355713
1350,5.139848232269287
1351,0.8976481556892395
1352,0.6031765341758728
1353,0.7068935632705688
1354,5.006566524505615
1355,2.691317081451416
1356,1.1930664777755737
1357,6.035761833190918
1358,0.9819421172142029
1359,0.30271807312965393
1360,0.0
1361,5.293699741363525
1362,0.3216557800769806
1363,0.7008227109909058
1364,0.26973095536231995
1365,0.6824427843093872
1366,3.850611448287964
1367,0.8165536522865295
1368,0.45485225319862366
1369,1.8275692462921143
1370,0.7738218903541565
1371,5.379855632781982
1372,2.5641939640045166
1373,0.9728724956512451
1374,0.2208041250705719
1375,0.7478110790252686
1376,0.8618667721748352
1377,0.5404744148254395
1378,0.6693267226219177
1379,0.7331379055976868
1380,1.4548431634902954
1381,0.7019749283790588
1382,1.8458681106567383
1383,0.0
1384,0.492334246635437
1385,1.5994542837142944
1386,0.49139371514320374
1387,1.0112910270690918
1388,0.6962034702301025
1389,1.1031880378723145
1390,1.3948395252227783
1391,0.6682278513908386
1392,0.0
1393,1.064544677734375
1394,0.9881641268730164
1395,0.7899012565612793
1396,1.966199517250061
1397,1.5174024105072021
1398,1.0317729711532593
1399,0.6993371248245239
1400,0.5235227942466736
1401,0.9383063316345215
1402,5.381970405578613
1403,0.6002472043037415
1404,0.8545263409614563
1405,2.8496837615966797
1406,1.2197883129119873
1407,1.1281085014343262
1408,0.8688021898269653
1409,0.8108859062194824
1410,0.7642818689346313
1411,0.8626624345779419
1412,5.484890937805176
1413,1.458495855331421
1414,0.5174740552902222
1415,0.7518213391304016
1416,0.6122572422027588
1417,1.092721939086914
1418,0.4419558346271515
1419,2.2386202812194824
1420,0.4734440743923187
1421,0.39468616247177124
1422,1.5610036849975586
1423,0.0
1424,0.6471816301345825
1425,1.3598947525024414
1426,0.8694943189620972
1427,1.1080256700515747
1428,4.427614688873291
1429,0.5331650972366333
1430,0.7875780463218689
1431,0.9991020560264587
1432,0.0
1433,0.5918983817100525
1434,1.1155942678451538
1435,0.5901029109954834
1436,0.8627806305885315
1437,0.3458164632320404
1438,0.25933703780174255
1439,0.8672863245010376
1440,0.2858099341392517
1441,1.0491169691085815
1442,5.41021203994751
1443,0.40352481603622437
1444,0.25203630328178406
1445,0.561414897441864
1446,0.6373894214630127
1447,0.8780236840248108
1448,1.5965102910995483
1449,0.8533310890197754
1450,1.1268706321716309
1451,0.69535893201828
1452,5.018130779266357
1453,0.43671122193336487
1454,0.0
1455,0.9403491020202637
1456,0.6508432626724243
1457,0.7385023236274719
1458,2.5233609676361084
1459,0.867415189743042
1460,0.6212232112884521
1461,2.5821425914764404
1462,0.6663145422935486
1463,0.976763904094696
1464,0.8686246275901794
1465,4.029112339019775
1466,0.43385225534439087
1467,0.5268758535385132
1468,0.5745627284049988
1469,0.0
1470,0.5511506199836731
1471,0.43118539452552795
1472,0.9827254414558411
1473,0.7132009267807007
1474,4.982343673706055
1475,1.1406071186065674
1476,1.2498666048049927
1477,3.557670831680298
1478,1.5872677564620972
1479,0.7488604784011841
1480,0.5915987491607666
1481,0.4926305413246155
1482,0.9000676870346069
1483,0.6206248998641968
1484,0.8580144643783569
1485,0.7162889242172241
1486,0.29555046558380127
1487,5.885132312774658
1488,0.9157034158706665
1489,0.3018494248390198
1490,0.27314916253089905
1491,0.48946714401245117
1492,1.4076114892959595
1493,0.5352237224578857
1494,0.7729261517524719
1495,0.7494534254074097
1496,0.8238512873649597
1497,1.2864729166030884
1498,0.0
1499,0.8517184853553772
1500,0.8222869634628296
1501,6.151214599609375
1502,0.9338358044624329
1503,0.5385457873344421
1504,0.8574764728546143
1505,0.6820201277732849
1506,1.9202648401260376
1507,0.9126648902893066
1508,1.5359265804290771
1509,0.8633050918579102
1510,0.786978542804718
1511,5.479583740234375
1512,1.1217812299728394
1513,1.4179006814956665
1514,1.092097282409668
1515,0.7926966547966003
1516,0.9269979596138
1517,1.4541057348251343
1518,0.5980373024940491
1519,0.4874340295791626
1520,1.391839861869812
1521,0.8737131357192993
1522,4.970155239105225
1523,0.7153705954551697
1524,1.7591060400009155
1525,0.0
1526,0.6568912267684937
1527,0.22065575420856476
1528,1.70061457157135
1529,1.6943527460098267
1530,0.5196633338928223
1531,5.212608337402344
1532,0.8244245052337646
1533,6.1737823486328125
1534,0.7405133247375488
1535,0.7331157326698303
1536,1.8015992641448975
1537,5.108584403991699
1538,3.1577329635620117
1539,2.672764778137207
1540,0.2943621575832367
1541,0.4918195307254791
1542,0.580166220664978
1543,0.5705063343048096
1544,1.4423102140426636
1545,0.7919235825538635
1546,0.5276912450790405
1547,1.5989466905593872
1548,0.6409233808517456
1549,1.2482702732086182
1550,5.7694091796875
1551,1.3975307941436768
1552,0.22913233935832977
1553,0.481942743062973
1554,1.2474312782287598
1555,0.5988750457763672
1556,0.8086257576942444
1557,0.5495554208755493
1558,5.204984188079834
1559,0.9129964709281921
1560,1.0086252689361572
1561,0.9026097655296326
1562,5.758077144622803
1563,0.3478928208351135
1564,0.8583145141601562
1565,2.064704179763794
1566,3.001636266708374
1567,1.8537148237228394
1568,4.880310535430908
1569,0.7365508675575256
1570,0.37666040658950806
1571,1.2573186159133911
1572,2.6387815475463867
1573,1.3536019325256348
1574,5.394618034362793
1575,1.263944149017334
1576,0.3557721972465515
1577,2.359851360321045
1578,1.1647695302963257
1579,0.7998312711715698
1580,0.744236946105957
1581,0.7434400916099548
1582,1.3231123685836792
1583,0.7967413663864136
1584,1.093064785003662
1585,0.4833034574985504
1586,0.23052021861076355
1587,0.33004114031791687
1588,0.6831821799278259
1589,1.0514228343963623
1590,0.25514787435531616
1591,2.8368325233459473
1592,2.504744291305542
1593,0.8606383204460144
1594,0.8142188787460327
1595,0.7656009197235107
1596,0.5095303654670715
1597,0.5675392150878906
1598,0.8256730437278748
1599,0.5051513910293579
1600,0.499490886926651
1601,1.1712950468063354
1602,1.501796841621399
1603,1.187557578086853
1604,0.9596084356307983
1605,2.836735725402832
1606,0.7857947945594788
1607,1.0998178720474243
1608,0.7279013991355896
1609,0.3693673014640808
1610,0.7021844983100891
1611,0.6956984400749207
1612,0.2815597355365753
1613,0.49909403920173645
1614,0.6186920404434204
1615,0.5045782327651978
1616,0.6947109699249268
1617,0.814029335975647
1618,0.9478771090507507
1619,0.3890635669231415
1620,5.063679218292236
1621,1.036500096321106
1622,0.32199370861053467
1623,0.422008752822876
1624,3.009922981262207
1625,0.9404275417327881
1626,2.271097183227539
1627,0.8466536402702332
1628,1.0982614755630493
1629,1.1570825576782227
1630,0.29865866899490356
1631,1.3808928728103638
1632,0.8073200583457947
1633,4.718870639801025
1634,0.5546888709068298
1635,0.9866859912872314
1636,5.7477641105651855
1637,1.0873229503631592
1638,0.6988525986671448
1639,1.119553565979004
1640,0.0
1641,5.93970251083374
1642,1.3525025844573975
1643,0.5221694707870483
1644,0.6361299753189087
1645,0.3719099760055542
1646,0.7044491767883301
1647,0.8447989821434021
1648,1.465767741203308
1649,0.5469825267791748
1650,1.0940123796463013
1651,0.0
1652,0.6309743523597717
1653,1.7893385887145996
1654,5.307773113250732
1655,0.5311923623085022
1656,0.295003741979599
1657,1.2051939964294434
1658,0.33328866958618164
1659,0.5067020058631897
1660,1.01547110080719
1661,0.6340506672859192
1662,0.5104827284812927
1663,0.2848258912563324
1664,2.2195181846618652
1665,0.9567632079124451
1666,0.7468315958976746
1667,5.575221061706543
1668,0.6482017636299133
1669,0.4943278431892395
1670,0.49144527316093445
1671,1.15486478805542
1672,0.7837759256362915
1673,0.863735020160675
1674,4.048431396484375
1675,0.82948899269104
1676,2.351191282272339
1677,1.0966473817825317
1678,1.1175593137741089
1679,0.0
1680,1.3585315942764282
1681,0.46163514256477356
1682,0.5106170177459717
1683,0.725785493850708
1684,0.3319888710975647
1685,5.534382343292236
1686,0.5761898756027222
1687,5.872003555297852
1688,1.657516360282898
1689,0.9222054481506348
1690,0.9671022295951843
1691,1.3478096723556519
1692,0.581391453742981
1693,0.730258584022522
1694,0.7427282929420471
1695,0.3215189576148987
1696,0.4715048670768738
1697,1.3392974138259888
1698,5.161331653594971
1699,0.8382578492164612
1700,1.6025110483169556
1701,0.616798460483551
1702,0.7092742919921875
1703,0.2744061052799225
1704,1.0761739015579224
1705,1.5898194313049316
1706,0.6818556189537048
1707,0.9417591094970703
1708,1.304201602935791
1709,1.495360255241394
1710,0.5326241254806519
1711,1.0133023262023926
1712,4.857482433319092
1713,0.8115552663803101
1714,2.197293281555176
1715,5.319991111755371
1716,0.7376825213432312
1717,0.9692413210868835
1718,1.5671305656433105
1719,0.5986613035202026
1720,3.145320415496826
1721,0.5851225852966309
1722,1.1421524286270142
1723,1.115950345993042
1724,0.516555905342102
1725,0.9736624360084534
1726,3.057469129562378
1727,3.090968370437622
1728,4.573132514953613
1729,3.6174981594085693
1730,1.7237555980682373
1731,5.636867046356201
1732,2.4111952781677246
1733,5.948690414428711
1734,2.4493043422698975
1735,0.7795743346214294
1736,0.5782451033592224
1737,0.45481061935424805
1738,1.6411267518997192
1739,1.4547128677368164
1740,0.7143763303756714
1741,0.7987647652626038
1742,0.579555869102478
1743,0.6112129092216492
1744,2.001580238342285
1745,2.1033847332000732
1746,4.124083518981934
1747,1.3819268941879272
1748,0.23659434914588928
1749,1.3684171438217163
1750,3.182598114013672
1751,0.6814714670181274
1752,1.580636739730835
1753,0.0
1754,0.9353675842285156
1755,0.694500207901001
1756,2.9906179904937744
1757,0.738322913646698
1758,1.097901463508606
1759,2.0375900268554688
1760,1.7616826295852661
1761,0.4580707550048828
1762,0.708509624004364
1763,1.144794225692749
1764,1.401314377784729
1765,0.5392821431159973
1766,0.6790384650230408
1767,0.782457709312439
1768,0.5104812383651733
1769,1.1350191831588745
1770,1.3945726156234741
1771,0.3245071470737457
1772,1.1446514129638672
1773,1.5589302778244019
1774,5.589208602905273
1775,0.7342842817306519
1776,0.7176802754402161
1777,0.2983311712741852
1778,1.5531394481658936
1779,0.569991409778595
1780,0.5621014833450317
1781,2.005746603012085
1782,1.226279854774475
1783,0.9504468441009521
1784,1.3191173076629639
1785,0.30330121517181396
1786,0.8498340845108032
1787,5.044747829437256
1788,1.248334527015686
1789,0.0
1790,0.0
1791,0.7128871083259583
1792,1.8483216762542725
1793,0.3536239564418793
1794,0.29281872510910034
1795,0.989949643611908
1796,0.575148344039917
1797,0.806239664554596
1798,4.18349027633667
1799,2.3770177364349365
1800,0.867510199546814
1801,0.7725721597671509
1802,5.948116779327393
1803,1.0727012157440186
1804,0.9958797097206116
1805,0.0
1806,0.40528103709220886
1807,5.078836917877197
1808,5.505768299102783
1809,0.9520068168640137
1810,1.2667170763015747
1811,5.222248554229736
1812,0.7211877107620239
1813,1.6106765270233154
1814,2.325115442276001
1815,2.7967214584350586
1816,1.2236195802688599
1817,1.2396130561828613
1818,1.0550063848495483
1819,0.9751163721084595
1820,1.073705792427063
1821,0.9397225379943848
1822,3.62573504447937
1823,1.299293875694275
1824,0.44181451201438904
1825,1.1520506143569946
1826,1.587716817855835
1827,0.9189783334732056
1828,5.6195573806762695
1829,0.2815324068069458
1830,5.202404499053955
1831,0.8951048254966736
1832,1.242175817489624
1833,0.2624157965183258
1834,1.3938413858413696
1835,0.9123961925506592
1836,0.7148550748825073
1837,0.750588059425354
1838,0.26416411995887756
1839,0.3618302643299103
1840,0.9754817485809326
1841,0.38061466813087463
1842,0.5869995355606079
1843,0.8406146168708801
1844,0.9627325534820557
1845,0.6668403744697571
1846,1.8534469604492188
1847,1.6202274560928345
1848,1.9845722913742065
1849,5.072425365447998
1850,2.004955530166626
1851,0.7074228525161743
1852,1.4320634603500366
1853,0.49194175004959106
1854,0.9306831955909729
1855,0.888184666633606
1856,1.2604773044586182
1857,0.46809399127960205
1858,1.2815470695495605
1859,0.5746248960494995
1860,1.8157024383544922
1861,1.5164088010787964
1862,1.1911683082580566
1863,0.29000428318977356
1864,1.9027172327041626
1865,0.9284331202507019
1866,2.4786601066589355
1867,0.9013248085975647
1868,0.9716672301292419
1869,1.9745697975158691
1870,1.0623024702072144
1871,1.394895315170288
1872,1.1142752170562744
1873,0.31755542755126953
1874,0.8571356534957886
1875,2.56636643409729
1876,0.4964977204799652
1877,0.5076557397842407
1878,0.5694770216941833
1879,0.5513170957565308
1880,0.48657363653182983
1881,0.2507511377334595
1882,0.5762444734573364
1883,0.8408217430114746
1884,1.1483561992645264
1885,0.9410771131515503
1886,0.895531177520752
1887,0.8611948490142822
1888,0.2931676506996155
1889,0.44548794627189636
1890,1.7333569526672363
1891,0.690079927444458
1892,1.8837604522705078
1893,0.9347057938575745
1894,0.5368528962135315
1895,1.1271921396255493
1896,1.2075903415679932
1897,2.3185222148895264
1898,0.0
1899,1.9925284385681152
1900,1.838546872138977
1901,1.7437717914581299
1902,2.025336503982544
1903,2.5166759490966797
1904,1.3368481397628784
1905,0.840213418006897
1906,1.2477357387542725
1907,5.649011611938477
1908,2.105766534805298
1909,0.7006151080131531
1910,0.24989672005176544
1911,0.6643943190574646
1912,1.0557554960250854
1913,0.44654932618141174
1914,0.6526156067848206
1915,0.7025904655456543
1916,0.0
1917,0.8013595342636108
1918,0.9111471772193909
1919,0.9136031866073608
1920,0.0
1921,5.040831089019775
1922,0.9313269257545471
1923,0.8943411111831665
1924,0.9807572960853577
1925,1.382290244102478
1926,0.7235116958618164
1927,0.7394928336143494
1928,2.9378349781036377
1929,0.8834132552146912
1930,0.9069006443023682
1931,0.8562628626823425
1932,0.8667802810668945
1933,0.855975329875946
1934,0.9520262479782104
1935,1.7423784732818604
1936,0.6989421248435974
1937,0.8638973236083984
1938,0.467151403427124
1939,0.0
1940,0.7932279109954834
1941,0.5717294812202454
1942,2.483212471008301
1943,2.2757439613342285
1944,4.572682857513428
1945,0.3193441927433014
1946,4.732987880706787
1947,0.375562459230423
1948,0.9573176503181458
1949,0.7744711637496948
1950,0.8451902866363525
1951,0.48357346653938293
1952,5.393251419067383
1953,0.8946108818054199
1954,1.9273695945739746
1955,1.3352720737457275
1956,1.149035930633545
1957,0.9064579606056213
1958,0.8958625793457031
1959,5.670353412628174
1960,0.6402617692947388
1961,1.2883142232894897
1962,1.787004828453064
1963,1.5814374685287476
1964,0.9375260472297668
1965,0.5282386541366577
1966,1.1497037410736084
1967,0.3022555708885193
1968,5.697266578674316
1969,0.6426730155944824
1970,5.827147006988525
1971,0.22687533497810364
1972,5.864917755126953
1973,0.3163510262966156
1974,2.54109263420105
1975,1.0362604856491089
1976,0.7924995422363281
1977,0.8856722116470337
1978,4.435502052307129
1979,2.5363106727600098
1980,0.5171706080436707
1981,2.657099485397339
1982,1.9165737628936768
1983,2.2396788597106934
1984,0.5125436186790466
1985,0.495763897895813
1986,5.730622291564941
1987,0.6084079742431641
1988,0.6623496413230896
1989,0.815746009349823
1990,1.3719853162765503
1991,0.0
1992,0.531739354133606
1993,1.0214940309524536
1994,0.6809330582618713
1995,0.3480648100376129
1996,4.846062183380127
1997,0.4799695909023285
1998,1.0934555530548096
1999,1.167741298675537
2000,0.8514805436134338
2001,0.7949983477592468
2002,0.844356894493103
2003,0.8094306588172913
2004,0.0
2005,1.0032670497894287
2006,0.2704659402370453
2007,0.32415902614593506
2008,0.43409568071365356
2009,1.505566120147705
2010,1.0134046077728271
2011,1.1901527643203735
2012,0.25356486439704895
2013,4.53198766708374
2014,0.5478026866912842
2015,0.961124837398529
2016,0.888890266418457
2017,1.384110689163208
2018,2.966844320297241
2019,1.0570919513702393
2020,3.44917631149292
2021,0.3047211170196533
2022,0.9738598465919495
2023,0.7821171283721924
2024,0.0
2025,0.675379753112793
2026,0.5145941972732544
2027,0.5010205507278442
2028,0.4921742081642151
2029,0.5288456678390503
2030,1.387360692024231
2031,0.6931782364845276
2032,1.1546046733856201
2033,0.727206826210022
2034,0.5985786318778992
2035,1.1774476766586304
2036,0.6664795279502869
2037,0.27727043628692627
2038,2.1150927543640137
2039,5.688674449920654
2040,0.5502840876579285
2041,0.27520328760147095
2042,0.7334436774253845
2043,0.5655121207237244
2044,0.85499507188797
2045,1.3806451559066772
2046,0.0
2047,0.9482730031013489
2048,2.2704849243164062
2049,0.6519845128059387
2050,0.5909364223480225
2051,0.9323959946632385
2052,1.5246877670288086
2053,0.6491392254829407
2054,5.168329238891602
2055,1.1273655891418457
2056,0.7439801692962646
2057,0.22240407764911652
2058,0.23866446316242218
2059,1.0784144401550293
2060,6.146047115325928
2061,1.5608495473861694
2062,0.622241735458374
2063,0.7499803900718689
2064,1.3706884384155273
2065,1.9340769052505493
2066,1.1298496723175049
2067,0.9243213534355164
2068,1.409711480140686
2069,0.44688430428504944
2070,0.8465566635131836
2071,0.48110875487327576
2072,0.7213961482048035
2073,1.086376428604126
2074,2.7019364833831787
2075,0.9370379447937012
2076,0.7586930394172668
2077,2.4508867263793945
2078,1.6950743198394775
2079,1.2346689701080322
2080,1.1545482873916626
2081,1.0074554681777954
2082,5.690644264221191
2083,1.4915019273757935
2084,1.831984281539917
2085,1.2949811220169067
2086,0.6288806796073914
2087,0.7380290627479553
2088,5.890715599060059
2089,0.9809975624084473
2090,1.981911540031433
2091,0.7373916506767273
2092,3.6792688369750977
2093,1.1337709426879883
2094,1.0909769535064697
2095,5.171232223510742
2096,0.5295491218566895
2097,0.341688334941864
2098,0.9480711817741394
2099,1.0656729936599731
2100,5.690978527069092
2101,2.1401052474975586
2102,0.5770065784454346
2103,0.39355728030204773
2104,2.7886598110198975
2105,2.513821601867676
2106,0.8168655037879944
2107,0.6717249751091003
2108,0.8160549998283386
2109,0.6528113484382629
2110,1.3531827926635742
2111,0.5108276605606079
2112,0.8519101142883301
2113,1.37230384349823
2114,0.2825855612754822
2115,0.8209069967269897
2116,5.6028337478637695
2117,1.0682644844055176
2118,0.9506257176399231
2119,3.091625690460205
2120,0.6375636458396912
2121,0.8860422372817993
2122,0.22697852551937103
2123,6.009155750274658
2124,1.3207188844680786
2125,0.6417803168296814
2126,0.28271105885505676
2127,1.0025732517242432
2128,1.5889017581939697
2129,0.8439155220985413
2130,0.9818545579910278
2131,0.0
2132,2.166508913040161
2133,1.9458853006362915
2134,2.5709731578826904
2135,0.9969616532325745
2136,0.32197102904319763
2137,0.5154476165771484
2138,0.5756483674049377
2139,1.0247029066085815
2140,0.4664478600025177
2141,0.7307292222976685
2142,0.0
2143,1.5002870559692383
2144,1.0838749408721924
2145,0.24781082570552826
2146,0.8598727583885193
2147,4.8603620529174805
2148,2.617466449737549
2149,0.31682053208351135
2150,0.6302106976509094
2151,0.9060928225517273
2152,1.1459726095199585
2153,0.6468201279640198
2154,4.367966651916504
2155,0.5314525961875916
2156,1.790293574333191
2157,0.6221480369567871
2158,0.5732086896896362
2159,0.7052263617515564
2160,0.24680981040000916
2161,0.3230181038379669
2162,0.8618134260177612
2163,5.170977592468262
2164,1.5844755172729492
2165,1.035417914390564
2166,5.431092262268066
2167,1.5333784818649292
2168,0.9417892694473267
2169,0.49309974908828735
2170,0.525277853012085
2171,0.5286999344825745
2172,1.6230324506759644
2173,0.5484910011291504
2174,0.6902318596839905
2175,3.6564531326293945
2176,0.502223789691925
2177,0.9584478139877319
2178,0.4560816287994385
2179,5.213343143463135
2180,0.9605746865272522
2181,1.2990244626998901
2182,0.518041729927063
2183,5.0842084884643555
2184,5.180217742919922
2185,1.1507166624069214
2186,5.717241287231445
2187,1.0379709005355835
2188,0.7637527585029602
2189,0.3923335075378418
2190,0.0
2191,1.445380449295044
2192,0.6482663154602051
2193,0.7156871557235718
2194,1.9710317850112915
2195,0.44776833057403564
2196,0.5185745358467102
2197,1.69028639793396
2198,0.6267727017402649
2199,0.6508324146270752
2200,0.9122808575630188
2201,0.6597213745117188
2202,4.593845367431641
2203,0.9913966655731201
2204,0.6634520888328552
2205,2.3610787391662598
2206,1.8660268783569336
2207,0.2867623567581177
2208,0.6204258799552917
2209,1.3431271314620972
2210,1.0530469417572021
2211,1.2766637802124023
2212,0.9435768723487854
2213,3.8443732261657715
2214,0.7980383038520813
2215,0.21505407989025116
2216,3.9779281616210938
2217,1.1143667697906494
2218,1.5127166509628296
2219,0.5621740221977234
2220,6.3388800621032715
2221,0.8392216563224792
2222,4.315436840057373
2223,5.632528305053711
2224,0.0
2225,5.852801322937012
2226,1.3240894079208374
2227,0.9367302060127258
2228,0.2984076142311096
2229,0.6324189305305481
2230,2.1247549057006836
2231,1.9994676113128662
2232,1.2207826375961304
2233,1.1784720420837402
2234,1.980397343635559
2235,0.6738027930259705
2236,4.65960168838501
2237,0.998138427734375
2238,1.3562864065170288
2239,0.28618165850639343
2240,0.9679381251335144
2241,1.0978357791900635
2242,0.5119994878768921
2243,5.510591506958008
2244,0.2999478876590729
2245,0.5730190277099609
2246,0.0
2247,0.26960235834121704
2248,2.3651866912841797
2249,0.4793620705604553
2250,1.1133084297180176
2251,1.2810369729995728
2252,1.6546419858932495
2253,1.2041646242141724
2254,0.0
2255,5.473544120788574
2256,2.1157174110412598
2257,0.6816470623016357
2258,0.6023035049438477
2259,0.28690609335899353
2260,2.0518038272857666
2261,1.4170266389846802
2262,1.5270881652832031
2263,0.7371472120285034
2264,0.2997599244117737
2265,0.2427263855934143
2266,5.388827800750732
2267,5.58524227142334
2268,1.3764349222183228
2269,1.082945704460144
2270,0.7759876847267151
2271,1.7610938549041748
2272,0.8526202440261841
2273,2.2337851524353027
2274,0.3345946967601776
2275,0.9694611430168152
2276,2.1918458938598633
2277,0.8008476495742798
2278,1.051486849784851
2279,0.7658318281173706
2280,0.0
2281,1.17441725730896
2282,0.8299655914306641
2283,2.3983631134033203
2284,0.0
2285,0.9706249833106995
2286,0.845140814781189
2287,2.952399969100952
2288,0.9093679785728455
2289,4.162988662719727
2290,1.9698052406311035
2291,1.2095973491668701
2292,0.7305859327316284
2293,0.22013884782791138
2294,2.7704877853393555
2295,1.2743293046951294
2296,0.81826251745224
2297,1.0662089586257935
2298,0.8447097539901733
2299,1.0654406547546387
2300,2.106654644012451
2301,5.7254157066345215
2302,0.695350170135498
2303,0.5261687636375427
2304,0.45829489827156067
2305,5.83251428604126
2306,0.6785330772399902
2307,0.9742205142974854
2308,1.5713589191436768
2309,0.6583800911903381
2310,0.5675176382064819
2311,1.3789796829223633
2312,1.566781997680664
2313,0.99723219871521
2314,0.9252086281776428
2315,5.687999725341797
2316,0.6901211142539978
2317,5.084141254425049
2318,5.146272659301758
2319,0.3436375856399536
2320,1.1171987056732178
2321,2.2604644298553467
2322,2.3203258514404297
2323,0.566642701625824
2324,5.383847236633301
2325,0.5169340372085571
2326,5.438714504241943
2327,1.3256022930145264
2328,0.9885101318359375
2329,2.472957134246826
2330,0.8718164563179016
2331,4.287606716156006
2332,0.9577333331108093
2333,0.6521357297897339
2334,1.0000327825546265
2335,0.6850495338439941
2336,0.6960493922233582
2337,1.1491992473602295
2338,0.9184900522232056
2339,1.2156822681427002
2340,1.679553508758545
2341,1.626558780670166
2342,0.671862006187439
2343,1.363944411277771
2344,0.3468489348888397
2345,1.311880111694336
2346,0.5813605785369873
2347,0.713213324546814
2348,4.74564266204834
2349,1.1979650259017944
2350,0.8680871725082397
2351,0.7365975379943848
2352,1.3494136333465576
2353,0.8818122744560242
2354,1.108825922012329
2355,3.4905898571014404
2356,1.1642038822174072
2357,4.0534796714782715
2358,0.9067383408546448
2359,0.710533082485199
2360,1.6225910186767578
2361,0.7089252471923828
2362,1.051246166229248
2363,0.9244762063026428
2364,0.4243309497833252
2365,0.5928546786308289
2366,0.47852596640586853
2367,1.2857693433761597
2368,0.5225909948348999
2369,1.005441665649414
2370,5.398543834686279
2371,4.862178325653076
2372,1.0584783554077148
2373,0.6240313649177551
2374,0.9638936519622803
2375,5.7223405838012695
2376,0.8450973033905029
2377,0.0
2378,2.0720455646514893
2379,1.2213780879974365
2380,0.7868084907531738
2381,0.6961793303489685
2382,0.6271722316741943
2383,1.0707756280899048
2384,0.8585340976715088
2385,5.720984935760498
2386,5.219050884246826
2387,0.2558404505252838
2388,3.890582799911499
2389,5.5895915031433105
2390,0.8456647992134094
2391,1.2412234544754028
2392,0.5553799867630005
2393,0.6281402111053467
2394,0.31010550260543823
2395,1.117456316947937
2396,2.614151954650879
2397,0.5639407634735107
2398,0.5884690284729004
2399,5.235542297363281
2400,4.979943752288818
2401,1.1610361337661743
2402,2.9316790103912354
2403,0.9588985443115234
2404,0.8592357635498047
2405,0.7042929530143738
2406,1.437394618988037
2407,0.6113638281822205
2408,0.8985189199447632
2409,0.5324895977973938
2410,0.31551703810691833
2411,3.0053303241729736
2412,1.8831822872161865
2413,0.8922713994979858
2414,5.9668378829956055
2415,0.46033135056495667
2416,0.741393506526947
2417,0.3516669273376465
2418,0.9601228833198547
2419,1.4461852312088013
2420,0.7880775332450867
2421,1.0320688486099243
2422,1.0928982496261597
2423,2.8359968662261963
2424,0.6712836623191833
2425,5.913508415222168
2426,0.2203708291053772
2427,0.8076246976852417
2428,1.199334740638733
2429,3.366910696029663
2430,1.0892174243927002
2431,0.30097219347953796
2432,5.477731704711914
2433,1.1872843503952026
2434,5.08408260345459
2435,0.4912954270839691
2436,1.2359216213226318
2437,4.320733547210693
2438,5.88670015335083
2439,1.3511327505111694
2440,0.4556853473186493
2441,1.4968912601470947
2442,0.6875666379928589
2443,0.6198252439498901
2444,4.128113746643066
2445,2.098559856414795
2446,1.9638841152191162
2447,0.7915229797363281
2448,0.7498741149902344
2449,0.8065312504768372
2450,1.1739012002944946
2451,0.6593376994132996
2452,0.9164953231811523
2453,0.5043430328369141
2454,1.0282161235809326
2455,0.6430034041404724
2456,0.9218531250953674
2457,1.486233115196228
2458,0.4237569570541382
2459,1.2612266540527344
2460,0.5132072567939758
2461,0.9516223669052124
2462,1.1437854766845703
2463,4.052370071411133
2464,0.2942313253879547
2465,0.6269838213920593
2466,0.7912195324897766
2467,0.6443458795547485
2468,1.3341864347457886
2469,1.4789166450500488
2470,0.5416390895843506
2471,0.3087066411972046
2472,1.8062708377838135
2473,5.562106609344482
2474,0.4676893353462219
2475,1.8465402126312256
2476,2.5784337520599365
2477,0.44932329654693604
2478,2.251145362854004
2479,5.309133052825928
2480,0.4375969469547272
2481,0.242753803730011
2482,0.7264895439147949
2483,0.6317903399467468
2484,1.4109416007995605
2485,1.0405991077423096
2486,1.135230541229248
2487,0.7014120817184448
2488,2.115631341934204
2489,0.6593484878540039
2490,0.6805664896965027
2491,5.365290641784668
2492,1.1341290473937988
2493,0.7524030208587646
2494,1.1334298849105835
2495,1.4900774955749512
2496,5.875844478607178
2497,0.3212386965751648
2498,0.4976588487625122
2499,1.0611979961395264
2500,0.883513331413269
2501,0.7049829959869385
2502,1.782614827156067
2503,0.6323172450065613
2504,0.0
2505,1.0713447332382202
2506,1.4992154836654663
2507,1.4045969247817993
2508,0.6819725632667542
2509,0.7074116468429565
2510,0.7611696124076843
2511,3.6664671897888184
2512,1.1998041868209839
2513,0.4264996647834778
2514,0.9055203795433044
2515,0.2916337549686432
2516,1.4780380725860596
2517,0.5414597392082214
2518,0.2581724226474762
2519,1.4814139604568481
2520,0.8060028553009033
2521,0.7475165128707886
2522,5.612340450286865
2523,0.6281821131706238
2524,0.21975380182266235
2525,0.575067937374115
2526,0.7665529847145081
2527,4.5357465744018555
2528,0.576554536819458
2529,0.7239125967025757
2530,0.7849116325378418
2531,0.5196347832679749
2532,0.36010587215423584
2533,2.090430736541748
2534,1.0839526653289795
2535,0.614780843257904
2536,4.9616522789001465
2537,4.6156816482543945
2538,0.5045704245567322
2539,0.6466441750526428
2540,0.6129735708236694
2541,1.0917888879776
2542,2.948457956314087
2543,0.5174084305763245
2544,0.3911258578300476
2545,0.7300401329994202
2546,0.5421870946884155
2547,0.5170913934707642
2548,4.759391784667969
2549,0.0
2550,0.5701873302459717
2551,1.0699433088302612
2552,0.8940608501434326
2553,2.8736608028411865
2554,0.28467947244644165
2555,2.5193018913269043
2556,1.3718763589859009
2557,4.592875003814697
2558,0.3187912404537201
2559,0.8279799818992615
2560,5.9118194580078125
2561,0.24890443682670593
2562,1.343991756439209
2563,1.2327313423156738
2564,0.4927060306072235
2565,5.155614376068115
2566,0.7800809741020203
2567,2.678705930709839
2568,1.856591820716858
2569,0.5548233389854431
2570,1.199108362197876
2571,5.732882976531982
2572,0.8238913416862488
2573,0.651059091091156
2574,5.055387496948242
2575,0.9652789831161499
2576,2.2732295989990234
2577,5.649454116821289
2578,4.025319576263428
2579,1.1594253778457642
2580,0.48680755496025085
2581,0.0
2582,0.5892564058303833
2583,0.3349040448665619
2584,1.0308562517166138
2585,0.6125435829162598
2586,1.7102285623550415
2587,5.386196613311768
2588,3.7361185550689697
2589,0.0
2590,0.5068853497505188
2591,0.4394093155860901
2592,1.3031792640686035
2593,0.5990249514579773
2594,0.0
2595,0.8034731149673462
2596,0.544244647026062
2597,5.471707820892334
2598,1.018614649772644
2599,0.6968415975570679
2600,0.9683154821395874
2601,0.9914626479148865
2602,0.6636132597923279
2603,0.6796314716339111
2604,0.9080114364624023
2605,0.77132248878479
2606,4.983582973480225
2607,0.7267447710037231
2608,0.2569234073162079
2609,0.34304437041282654
2610,2.8027827739715576
2611,0.0
2612,0.6411211490631104
2613,0.30072811245918274
2614,0.476470023393631
2615,6.00522518157959
2616,0.4459976851940155
2617,1.0375975370407104
2618,0.0
2619,0.9436008930206299
2620,0.8392295241355896
2621,0.817202091217041
2622,0.286371648311615
2623,0.8436079621315002
2624,3.959867000579834
2625,0.5021668672561646
2626,0.9929686784744263
2627,3.989532470703125
2628,0.8740095496177673
2629,0.6285547614097595
2630,1.4230036735534668
2631,0.7367948889732361
2632,1.0214298963546753
2633,1.7725121974945068
2634,2.9680073261260986
2635,0.33242765069007874
2636,0.5684905648231506
2637,2.1319375038146973
2638,0.0
2639,1.1388784646987915
2640,0.5513142943382263
2641,0.0
2642,0.7558771967887878
2643,2.9498205184936523
2644,1.0253769159317017
2645,2.3426647186279297
2646,1.4069855213165283
2647,3.6847310066223145
2648,1.076650857925415
2649,1.1890586614608765
2650,2.085845470428467
2651,3.660236358642578
2652,0.0
2653,0.0
2654,0.4518548846244812
2655,0.531859815120697
2656,0.8067409992218018
2657,5.446105480194092
2658,0.7636657357215881
2659,1.3971370458602905
2660,0.536524772644043
2661,1.112928032875061
2662,3.0156898498535156
2663,2.233036994934082
2664,0.0
2665,3.2987682819366455
2666,5.63267183303833
2667,0.6492927074432373
2668,0.8522627353668213
2669,0.24313855171203613
2670,0.2937656342983246
2671,2.386152744293213
2672,0.7279387712478638
2673,2.2423291206359863
2674,0.9031914472579956
2675,1.1925370693206787
2676,5.766822814941406
2677,0.4478303790092468
2678,1.26333487033844
2679,0.2943616211414337
2680,2.6421139240264893
2681,1.7635533809661865
2682,1.264837384223938
2683,5.245726108551025
2684,1.322576880455017
2685,1.4869096279144287
2686,4.883264541625977
2687,4.173608303070068
2688,0.9711029529571533
2689,0.5145539045333862
2690,4.793149471282959
2691,0.7106101512908936
2692,1.491813063621521
2693,0.6298855543136597
2694,5.66867733001709
2695,0.28747934103012085
2696,0.3736238181591034
2697,0.9130500555038452
2698,1.119575023651123
2699,1.2075434923171997
2700,2.142056941986084
2701,0.2978108823299408
2702,0.7098188400268555
2703,0.9823946952819824
2704,0.9800324440002441
2705,1.3853687047958374
2706,0.6102636456489563
2707,0.9342486262321472
2708,0.538057267665863
2709,6.034658908843994
2710,0.8581496477127075
2711,0.42661604285240173
2712,0.9997221231460571
2713,0.9194488525390625
2714,5.333255290985107
2715,0.2629256248474121
2716,0.681556224822998
2717,0.4997139573097229
2718,1.2432639598846436
2719,0.8010508418083191
2720,4.259627819061279
2721,0.5159927010536194
2722,0.4761636555194855
2723,0.4760604202747345
2724,4.644228458404541
2725,4.828122138977051
2726,1.0703070163726807
2727,0.776113748550415
2728,3.750384569168091
2729,0.6986851096153259
2730,0.834699809551239
2731,0.7862940430641174
2732,0.27674394845962524
2733,2.4893062114715576
2734,0.7921572327613831
2735,1.238291621208191
2736,0.5786529183387756
2737,0.5360214710235596
2738,0.5532664060592651
2739,2.297952890396118
2740,0.9495640993118286
2741,1.6333372592926025
2742,0.5776583552360535
2743,0.9971234202384949
2744,5.491578578948975
2745,0.3065544366836548
2746,1.387101411819458
2747,0.340340793132782
2748,2.7299208641052246
2749,2.4085023403167725
2750,1.6752265691757202
2751,0.4846484065055847
2752,0.4489377737045288
2753,0.36900052428245544
2754,5.977139949798584
2755,1.1828911304473877
2756,1.0234415531158447
2757,0.0
2758,1.4587392807006836
2759,0.5171392560005188
2760,0.29043543338775635
2761,0.256841242313385
2762,4.62049674987793
2763,1.4857465028762817
2764,0.569834291934967
2765,0.5229167342185974
2766,0.869943380355835
2767,0.5549073815345764
2768,1.2926472425460815
2769,1.0860891342163086
2770,2.9877727031707764
2771,2.1944100856781006
2772,0.5005959272384644
2773,0.631550133228302
2774,1.27882719039917
2775,0.2630758285522461
2776,3.9277398586273193
2777,1.411216139793396
2778,0.26832419633865356
2779,0.6579863429069519
2780,0.4710697829723358
2781,0.9342629909515381
2782,0.8581690192222595
2783,5.5402703285217285
2784,1.3329646587371826
2785,0.8318867087364197
2786,0.6523765325546265
2787,0.7222697138786316
2788,0.24549369513988495
2789,1.2749559879302979
2790,5.609579086303711
2791,1.05313241481781
2792,0.7357393503189087
2793,0.8090301752090454
2794,1.2416188716888428
2795,0.2960355281829834
2796,0.9961706399917603
2797,5.645717144012451
2798,1.553449034690857
2799,1.27463960647583
2800,0.7028138041496277
2801,1.2408020496368408
2802,3.164848566055298
2803,2.8796257972717285
2804,0.5055292248725891
2805,0.7829145789146423
2806,0.9538324475288391
2807,1.908161997795105
2808,5.053859233856201
2809,0.2878311574459076
2810,1.4624512195587158
2811,0.4793800115585327
2812,0.47177791595458984
2813,1.1756494045257568
2814,1.543865442276001
2815,0.0
2816,0.7648435831069946
2817,0.9062719941139221
2818,0.5053462982177734
2819,0.5884454846382141
2820,0.8754581212997437
2821,0.9442908763885498
2822,0.5107784271240234
2823,1.231105089187622
2824,0.6521369218826294
2825,5.306432247161865
2826,1.1403244733810425
2827,0.5709457993507385
2828,4.845715045928955
2829,5.570817470550537
2830,0.7645218372344971
2831,0.6913687586784363
2832,0.0
2833,1.0771430730819702
2834,1.0376604795455933
2835,1.479691505432129
2836,0.5643435716629028
2837,0.6370548009872437
2838,1.1125651597976685
2839,0.26869890093803406
2840,1.0248867273330688
2841,5.125957012176514
2842,0.2339126020669937
2843,0.9827015995979309
2844,0.41736286878585815
2845,3.6605587005615234
2846,0.455262154340744
2847,2.6962695121765137
2848,2.939460515975952
2849,0.8746484518051147
2850,0.49695250391960144
2851,0.7365465760231018
2852,0.46357983350753784
2853,0.7782769799232483
2854,1.0660494565963745
2855,0.5849473476409912
2856,0.8244948387145996
2857,0.7589610815048218
2858,0.0
2859,1.2195123434066772
2860,0.9663136601448059
2861,0.7722340822219849
2862,5.374979019165039
2863,0.7703665494918823
2864,4.764118194580078
2865,1.0733047723770142
2866,1.9946613311767578
2867,4.15337610244751
2868,0.7542704939842224
2869,1.0723419189453125
2870,0.6445159316062927
2871,1.6555606126785278
2872,1.2270177602767944
2873,0.8908528089523315
2874,2.9594621658325195
2875,1.4877195358276367
2876,0.4785153865814209
2877,1.1940467357635498
2878,0.27024298906326294
2879,0.32409366965293884
2880,5.41929292678833
2881,1.6878697872161865
2882,0.0
2883,0.6001855134963989
2884,3.800189256668091
2885,0.4959333837032318
2886,4.560901641845703
2887,0.6701929569244385
2888,0.3059634864330292
2889,0.8804993629455566
2890,0.7444661855697632
2891,1.2429850101470947
2892,0.3096064031124115
2893,5.840949535369873
2894,5.361766338348389
2895,0.7408419251441956
2896,1.0234355926513672
2897,5.751348972320557
2898,0.5431461334228516
2899,0.9491357207298279
2900,0.7800920009613037
2901,5.441893577575684
2902,1.1550037860870361
2903,0.8312178254127502
2904,1.902948021888733
2905,1.3445063829421997
2906,0.47598662972450256
2907,5.931302547454834
2908,0.2986008822917938
2909,1.0842859745025635
2910,1.9330744743347168
2911,1.08720064163208
2912,0.6594440340995789
2913,0.45582351088523865
2914,1.2415719032287598
2915,2.5860538482666016
2916,0.7650209069252014
2917,3.872978925704956
2918,0.49587830901145935
2919,0.9184556603431702
2920,0.6724891066551208
2921,0.3407537639141083
2922,0.6231184601783752
2923,5.305453300476074
2924,0.8835609555244446
2925,0.8822024464607239
2926,1.108192801475525
2927,5.257309913635254
2928,0.0
2929,1.2278367280960083
2930,0.5817630290985107
2931,0.574502170085907
2932,1.9721794128417969
2933,3.4980545043945312
2934,0.45587158203125
2935,0.6504582166671753
2936,0.715327262878418
2937,0.8446115851402283
2938,5.792261600494385
2939,1.2158393859863281
2940,1.201429009437561
2941,0.26970383524894714
2942,0.6359928250312805
2943,0.6756670475006104
2944,5.642344951629639
2945,0.9795418381690979
2946,1.0649707317352295
2947,1.098644733428955
2948,5.649326324462891
2949,0.0
2950,1.0238590240478516
2951,0.5466518998146057
2952,0.9343162775039673
2953,1.1092183589935303
2954,0.7512826323509216
2955,1.4107794761657715
2956,0.8961300849914551
2957,0.501034677028656
2958,0.9808909893035889
2959,5.152905464172363
2960,0.9425286054611206
2961,0.8753482103347778
2962,1.022964596748352
2963,5.324275493621826
2964,1.253017783164978
2965,0.9360182881355286
2966,0.9159561991691589
2967,0.0
2968,2.3327581882476807
2969,0.0
2970,0.36441871523857117
2971,1.0848809480667114
2972,5.680930137634277
2973,0.6473875641822815
2974,2.930900812149048
2975,0.7174406051635742
2976,2.217209815979004
2977,5.10967493057251
2978,1.1933603286743164
2979,0.349460244178772
2980,0.6708245873451233
2981,0.7311984896659851
2982,0.7625880241394043
2983,1.4148763418197632
2984,1.7730393409729004
2985,0.6961212754249573
2986,1.1220077276229858
2987,0.3555106818675995
2988,0.798697829246521
2989,0.9212217926979065
2990,1.6926722526550293
2991,1.1005257368087769
2992,0.9501020908355713
2993,4.672133445739746
2994,0.2707018256187439
2995,3.1279547214508057
2996,0.6331812143325806
2997,0.9445850849151611
2998,0.28392598032951355
2999,0.46275195479393005
3000,0.3088875114917755
3001,0.6353020071983337
3002,1.0545099973678589
3003,1.7333358526229858
3004,2.0053300857543945
3005,1.2347289323806763
3006,0.0
3007,0.0
3008,0.6892417073249817
3009,0.994384229183197
3010,0.9860019683837891
3011,0.0
3012,0.7510805726051331
3013,0.6801931858062744
3014,0.49416929483413696
3015,0.9286391139030457
3016,0.7040402293205261
3017,1.0794451236724854
3018,1.2700440883636475
3019,1.0536459684371948
3020,3.4151828289031982
3021,0.7924439311027527
3022,1.1722183227539062
3023,0.6651567816734314
3024,1.768453598022461
3025,0.6901829242706299
3026,0.9905927181243896
3027,0.7114466428756714
3028,1.205979347229004
3029,0.674941897392273
3030,1.250607967376709
3031,0.6667762398719788
3032,4.506852626800537
3033,0.6484405398368835
3034,6.03210973739624
3035,0.6331682205200195
3036,1.1416000127792358
3037,0.6713992357254028
3038,1.4547843933105469
3039,0.31221792101860046
3040,0.6357946395874023
3041,0.409801185131073
3042,0.5173704028129578
3043,5.557442665100098
3044,1.0720674991607666
3045,1.2250192165374756
3046,0.9783341288566589
3047,1.9052432775497437
3048,0.886603593826294
3049,0.7047295570373535
3050,0.8567185997962952
3051,0.5640182495117188
3052,1.0997742414474487
3053,1.2154968976974487
3054,1.0523627996444702
3055,1.931355595588684
3056,0.7497529983520508
3057,1.0886118412017822
3058,0.22844766080379486
3059,1.4691256284713745
3060,1.3580716848373413
3061,5.9694743156433105
3062,1.6506270170211792
3063,0.5260375142097473
3064,4.989017963409424
3065,1.4736331701278687
3066,0.9666737914085388
3067,0.8501874804496765
3068,5.551359176635742
3069,5.4061174392700195
3070,1.1797329187393188
3071,1.2329457998275757
3072,1.5292818546295166
3073,0.509853184223175
3074,0.6402542591094971
3075,0.95313960313797
3076,0.9160215854644775
3077,0.9025031328201294
3078,0.7851870656013489
3079,0.969521701335907
3080,0.2761475145816803
3081,4.680035591125488
3082,2.2839040756225586
3083,0.5976713299751282
3084,0.9414719343185425
3085,0.5258039236068726
3086,2.682109832763672
3087,1.1444714069366455
3088,0.5418106913566589
3089,0.9778637290000916
3090,1.116640567779541
3091,0.7535315155982971
3092,1.0802949666976929
3093,5.552346706390381
3094,2.6277847290039062
3095,1.4360812902450562
3096,0.6889998912811279
3097,2.283024787902832
3098,0.963374674320221
3099,0.39264678955078125
3100,0.9120661616325378
3101,1.0546711683273315
3102,0.8389509916305542
3103,2.0807228088378906
3104,0.9213926792144775
3105,1.376175880432129
3106,0.3004828691482544
3107,0.744055449962616
3108,0.0
3109,0.0
3110,1.1004869937896729
3111,0.3326638638973236
3112,0.8764131665229797
3113,0.6338714361190796
3114,0.5013083815574646
3115,0.4954592287540436
3116,0.977882981300354
3117,4.70109224319458
3118,1.0420506000518799
3119,1.8325854539871216
3120,0.319504052400589
3121,0.8860853314399719
3122,3.008627414703369
3123,0.5357133150100708
3124,0.0
3125,1.5373024940490723
3126,0.3556460440158844
3127,5.273029804229736
3128,0.6496937870979309
3129,1.3247815370559692
3130,0.7183232307434082
3131,0.20543067157268524
3132,2.11075496673584
3133,0.5873201489448547
3134,5.33707857131958
3135,0.5684000849723816
3136,0.5838228464126587
3137,1.5439966917037964
3138,1.2215113639831543
3139,0.3585246503353119
3140,1.7424978017807007
3141,0.5802392363548279
3142,0.8060048818588257
3143,0.7994207143783569
3144,0.6321409344673157
3145,2.7273616790771484
3146,0.8367546200752258
3147,2.2397918701171875
3148,3.199854612350464
3149,0.256668359041214
3150,0.7336328029632568
3151,1.3780380487442017
3152,0.7669998407363892
3153,0.0
3154,0.5813560485839844
3155,0.7006530165672302
3156,0.8435713648796082
3157,0.5198858380317688
3158,1.3047809600830078
3159,0.7824257016181946
3160,5.313288688659668
3161,2.5523996353149414
3162,0.2733024060726166
3163,0.5779105424880981
3164,0.7685509324073792
3165,3.8027188777923584
3166,0.48601800203323364
3167,1.002295970916748
3168,5.7689208984375
3169,1.0623247623443604
3170,3.139833927154541
3171,5.51100492477417
3172,0.7425462007522583
3173,5.2728800773620605
3174,0.9650921821594238
3175,0.565588653087616
3176,0.0
3177,0.0
3178,0.36030319333076477
3179,3.0222792625427246
3180,0.8884905576705933
3181,0.9623075723648071
3182,0.5332085490226746
3183,0.25310057401657104
3184,1.0507290363311768
3185,0.0
3186,5.457642555236816
3187,3.4037671089172363
3188,0.0
3189,0.6767959594726562
3190,0.5993834733963013
3191,0.6286706924438477
3192,5.132975101470947
3193,0.4529212415218353
3194,5.073908805847168
3195,5.492325305938721
3196,1.2240504026412964
3197,1.1642696857452393
3198,1.0320677757263184
3199,5.912356376647949
3200,1.1919026374816895
3201,0.823140025138855
3202,1.2009291648864746
3203,0.9812099933624268
3204,0.8333304524421692
3205,0.5825333595275879
3206,1.6534987688064575
3207,0.9215061068534851
3208,1.1043320894241333
3209,3.3081753253936768
3210,2.75404953956604
3211,0.5294545888900757
3212,0.0
3213,0.26003140211105347
3214,0.799954891204834
3215,1.267532229423523
3216,5.961340427398682
3217,0.7206255197525024
3218,1.6417454481124878
3219,0.4808497428894043
3220,0.647395670413971
3221,1.2690156698226929
3222,3.020618438720703
3223,0.9646429419517517
3224,0.0
3225,0.6615731716156006
3226,0.45088958740234375
3227,1.333939790725708
3228,1.1842279434204102
3229,1.1218370199203491
3230,1.1635518074035645
3231,2.897296667098999
3232,1.9785066843032837
3233,0.7215256094932556
3234,0.6765468120574951
3235,0.5698489546775818
3236,1.2947118282318115
3237,0.8806780576705933
3238,0.9763766527175903
3239,6.125469207763672
3240,0.7213315963745117
3241,0.8049242496490479
3242,5.43813943862915
3243,0.4743259847164154
3244,0.5069103837013245
3245,1.4218993186950684
3246,0.8574431538581848
3247,0.9827900528907776
3248,1.2360543012619019
3249,1.0905183553695679
3250,1.4400829076766968
3251,1.1085914373397827
3252,1.1970075368881226
3253,0.0
3254,0.5015780329704285
3255,1.6927422285079956
3256,0.7677198648452759
3257,4.465420722961426
3258,1.1875163316726685
3259,1.1564759016036987
3260,5.2653889656066895
3261,0.7923381328582764
3262,0.9939084053039551
3263,3.057701826095581
3264,1.008711576461792
3265,6.170975685119629
3266,0.0
3267,1.1580225229263306
3268,1.004759669303894
3269,1.2653363943099976
3270,4.72806978225708
3271,1.0578525066375732
3272,1.309592843055725
3273,0.30426791310310364
3274,1.5218963623046875
3275,1.3366948366165161
3276,0.7042213082313538
3277,0.8044018745422363
3278,1.4432547092437744
3279,4.264139175415039
3280,6.031292915344238
3281,0.686738133430481
3282,0.48036623001098633
3283,2.1066455841064453
3284,0.30561143159866333
3285,0.31906038522720337
3286,0.45488160848617554
3287,0.5829709768295288
3288,0.9607496857643127
3289,0.6652448773384094
3290,0.7083335518836975
3291,0.6657034754753113
3292,0.9272439479827881
3293,1.2592453956604004
3294,0.6891746520996094
3295,0.33562108874320984
3296,1.5605278015136719
3297,0.9114518761634827
3298,1.4339897632598877
3299,5.264341354370117
3300,5.630524158477783
3301,0.2669082283973694
3302,3.1833372116088867
3303,0.46209919452667236
3304,0.2832045257091522
3305,0.5451597571372986
3306,5.466809272766113
3307,4.327853679656982
3308,0.5939627289772034
3309,5.748046875
3310,1.1258022785186768
3311,1.7304385900497437
3312,4.763903617858887
3313,0.25721031427383423
3314,0.7825432419776917
3315,0.6077618598937988
3316,0.869866669178009
3317,0.7611720561981201
3318,0.2903757095336914
3319,2.996903657913208
3320,1.002035140991211
3321,1.1194196939468384
3322,0.7786568403244019
3323,0.7539995312690735
3324,5.293124198913574
3325,0.49189960956573486
3326,5.651694297790527
3327,0.4427439272403717
3328,2.2441155910491943
3329,0.4734308123588562
3330,1.1260502338409424
3331,0.6545364856719971
3332,0.5574795603752136
3333,4.653687953948975
3334,0.9860137104988098
3335,4.937711715698242
3336,1.4278231859207153
3337,0.5833708643913269
3338,0.5073646306991577
3339,0.7980133891105652
3340,0.8131498098373413
3341,1.426629900932312
3342,2.59287428855896
3343,5.362614154815674
3344,0.8304342031478882
3345,2.846308708190918
3346,1.0762214660644531
3347,0.6886860132217407
3348,4.000912189483643
3349,1.1041736602783203
3350,0.8945942521095276
3351,0.946081817150116
3352,0.9349337816238403
3353,1.1404063701629639
3354,1.086238145828247
3355,0.27823421359062195
3356,0.5662639737129211
3357,0.7727595567703247
3358,0.4625706076622009
3359,1.8782908916473389
3360,1.3948129415512085
3361,0.7834574580192566
3362,0.2590023875236511
3363,0.9488338828086853
3364,1.0890768766403198
3365,0.0
3366,3.9171524047851562
3367,0.7390830516815186
3368,0.6676179766654968
3369,1.1937865018844604
3370,1.4964544773101807
3371,0.6185011267662048
3372,0.8143278360366821
3373,0.6062123775482178
3374,0.7162092328071594
3375,0.6945095062255859
3376,0.8978458046913147
3377,0.7098935842514038
3378,0.6563762426376343
3379,5.2308030128479
3380,0.7451822757720947
3381,0.5401941537857056
3382,1.3679537773132324
3383,1.7989894151687622
3384,1.0661487579345703
3385,5.191370010375977
3386,0.8078482747077942
3387,0.4757574796676636
3388,0.47159141302108765
3389,2.0687732696533203
3390,0.32511892914772034
3391,1.375075340270996
3392,3.01875901222229
3393,1.3272242546081543
3394,0.0
3395,0.8608314990997314
3396,0.27890318632125854
3397,1.977715253829956
3398,1.2576159238815308
3399,0.660921573638916
3400,0.8469626903533936
3401,1.2546824216842651
3402,5.801563739776611
3403,0.57373046875
3404,2.51696515083313
3405,0.7205327749252319
3406,0.885604977607727
3407,0.6238283514976501
3408,0.8079047799110413
3409,1.1321930885314941
3410,0.7094714641571045
3411,1.4385555982589722
3412,0.7916491031646729
3413,1.1228777170181274
3414,1.2268931865692139
3415,0.0
3416,0.28867271542549133
3417,4.698823928833008
3418,2.4715166091918945
3419,1.4336315393447876
3420,1.366826057434082
3421,0.876757800579071
3422,0.7099714875221252
3423,0.5891931056976318
3424,0.6709363460540771
3425,0.7319651246070862
3426,3.3826143741607666
3427,0.6254218220710754
3428,1.083000659942627
3429,0.8570824861526489
3430,0.4885501563549042
3431,1.0158013105392456
3432,0.30232203006744385
3433,5.4786057472229
3434,0.7649207711219788
3435,6.167121887207031
3436,1.7106611728668213
3437,1.5180671215057373
3438,6.066851615905762
3439,1.059531569480896
3440,5.8802103996276855
3441,0.47725963592529297
3442,1.1139380931854248
3443,1.2703191041946411
3444,0.8350260257720947
3445,0.3087823688983917
3446,1.1439359188079834
3447,0.9349275827407837
3448,0.694537878036499
3449,0.44536301493644714
3450,0.21986141800880432
3451,0.8590713143348694
3452,0.9903773665428162
3453,1.307680606842041
3454,0.7944017648696899
3455,0.694584310054779
3456,4.68086051940918
3457,0.8162383437156677
3458,0.8316537141799927
3459,0.5371881127357483
3460,1.0653035640716553
3461,0.4753913879394531
3462,0.4653562605381012
3463,0.7912946939468384
3464,0.5075559020042419
3465,6.045989513397217
3466,1.8685411214828491
3467,5.5146918296813965
3468,0.8750758171081543
3469,0.9716238975524902
3470,1.104889154434204
3471,0.5084674954414368
3472,0.8936545252799988
3473,0.7453737854957581
3474,0.6563898921012878
3475,0.0
3476,0.48125573992729187
3477,1.8095483779907227
3478,0.2773468792438507
3479,0.7161998152732849
3480,0.6684252619743347
3481,2.5580198764801025
3482,3.0679030418395996
3483,0.8400258421897888
3484,0.4668430984020233
3485,1.557729721069336
3486,0.8911955952644348
3487,0.9944740533828735
3488,0.6250814199447632
3489,1.4131742715835571
3490,0.5569004416465759
3491,5.566754341125488
3492,0.8120299577713013
3493,0.0
3494,0.5001493692398071
3495,0.0
3496,0.9663070440292358
3497,1.7623571157455444
3498,5.235472679138184
3499,0.7975232601165771
3500,0.5203837156295776
3501,2.079998016357422
3502,2.884606122970581
3503,1.6358319520950317
3504,0.7283557653427124
3505,0.7144902944564819
3506,1.1666259765625
3507,1.6397475004196167
3508,2.9684884548187256
3509,1.5197253227233887
3510,1.0956040620803833
3511,0.9717434644699097
3512,0.34172654151916504
3513,0.7833474278450012
3514,2.786947727203369
3515,4.872741222381592
3516,0.8280231952667236
3517,2.5235543251037598
3518,1.2146227359771729
3519,0.3121480643749237
3520,0.29302799701690674
3521,0.9321588277816772
3522,0.0
3523,1.3895463943481445
3524,0.8459150791168213
3525,3.3829851150512695
3526,0.3892786502838135
3527,0.29857951402664185
3528,4.968770503997803
3529,0.7907218933105469
3530,6.030769348144531
3531,2.86279034614563
3532,5.31941032409668
3533,0.4511382579803467
3534,0.8181245923042297
3535,0.719243586063385
3536,0.9409368634223938
3537,0.2953726649284363
3538,0.6617563366889954
3539,1.296857237815857
3540,0.2996253967285156
3541,1.0286964178085327
3542,0.25033947825431824
3543,0.771908700466156
3544,1.2884483337402344
3545,5.726772308349609
3546,0.8635402321815491
3547,0.3073798418045044
3548,1.1116101741790771
3549,0.6595273613929749
3550,0.38244834542274475
3551,0.5076163411140442
3552,0.911643922328949
3553,0.3335985839366913
3554,4.8349080085754395
3555,0.5690902471542358
3556,0.24994781613349915
3557,1.1334811449050903
3558,1.193773627281189
3559,1.1398344039916992
3560,0.411639541387558
3561,1.909492015838623
3562,0.31011441349983215
3563,1.067488193511963
3564,0.8756929039955139
3565,0.5095738172531128
3566,2.52819561958313
3567,3.2339460849761963
3568,1.1487809419631958
3569,0.3074760138988495
3570,5.292089462280273
3571,0.9485400915145874
3572,4.937375068664551
3573,0.28487876057624817
3574,3.104607582092285
3575,1.1942461729049683
3576,4.9222869873046875
3577,0.6889983415603638
3578,2.2938454151153564
3579,1.0959906578063965
3580,1.0540112257003784
3581,1.026658296585083
3582,5.485601425170898
3583,0.6006835699081421
3584,1.6822879314422607
3585,0.4520532786846161
3586,5.315621852874756
3587,3.013892650604248
3588,2.666595935821533
3589,4.736211776733398
3590,0.3653470575809479
3591,0.8677878379821777
3592,1.1264281272888184
3593,0.7392033338546753
3594,1.5819767713546753
3595,0.5250535607337952
3596,0.6851935982704163
3597,5.31892728805542
3598,1.422446846961975
3599,1.0220985412597656
3600,0.6630553603172302
3601,0.22242440283298492
3602,0.956803560256958
3603,0.23818691074848175
3604,0.4692927598953247
3605,0.8144366145133972
3606,1.1002705097198486
3607,5.876819610595703
3608,2.223567008972168
3609,0.47804364562034607
3610,2.2655327320098877
3611,0.4807225465774536
3612,5.8254289627075195
3613,5.4534711837768555
3614,1.22700834274292
3615,0.47371014952659607
3616,5.274456024169922
3617,0.7758209705352783
3618,2.2756152153015137
3619,5.615544319152832
3620,1.1647120714187622
3621,0.7650319933891296
3622,0.0
3623,5.648597717285156
3624,0.7779460549354553
3625,0.7209140062332153
3626,0.9831745028495789
3627,1.5368679761886597
3628,4.385082244873047
3629,0.45865198969841003
3630,0.9515379071235657
3631,5.511910438537598
3632,5.2908406257629395
3633,1.229602336883545
3634,5.8584418296813965
3635,0.9701168537139893
3636,0.7817873954772949
3637,1.0202945470809937
3638,1.1607344150543213
3639,0.5507944822311401
3640,4.669489860534668
3641,5.336513996124268
3642,1.1267160177230835
3643,1.5363404750823975
3644,1.0638118982315063
3645,0.7337631583213806
3646,5.338558197021484
3647,1.8261840343475342
3648,0.9669107794761658
3649,0.8116323351860046
3650,2.506317615509033
3651,0.8633085489273071
3652,0.9604061841964722
3653,0.8935738801956177
3654,0.7798237204551697
3655,2.9957997798919678
3656,0.8648821711540222
3657,1.3298916816711426
3658,0.4968435764312744
3659,1.2367398738861084
3660,0.23797759413719177
3661,0.42577463388442993
3662,1.6053136587142944
3663,3.507246732711792
3664,1.0170252323150635
3665,0.8670099377632141
3666,0.5181950926780701
3667,0.31923550367355347
3668,0.7945494651794434
3669,5.402181625366211
3670,2.1844475269317627
3671,0.8586905002593994
3672,0.4286915957927704
3673,0.6035124659538269
3674,2.8587963581085205
3675,0.7148156762123108
3676,0.27867263555526733
3677,2.2944042682647705
3678,3.1294779777526855
3679,1.007339596748352
3680,0.5738100409507751
3681,1.1131385564804077
3682,0.843010663986206
3683,0.7318942546844482
3684,0.792177140712738
3685,1.8479067087173462
3686,5.468138217926025
3687,1.4872093200683594
3688,0.0
3689,0.6501803398132324
3690,1.4720747470855713
3691,0.7846313118934631
3692,1.562632441520691
3693,0.9242225289344788
3694,1.8026039600372314
3695,0.28211358189582825
3696,5.47397518157959
3697,2.003587007522583
3698,1.3939287662506104
3699,0.3465425372123718
3700,0.579786479473114
3701,1.0490162372589111
3702,5.74896240234375
3703,0.9799558520317078
3704,0.4840772747993469
3705,1.159842610359192
3706,0.5966585874557495
3707,0.7367417812347412
3708,0.869213342666626
3709,0.547539234161377
3710,2.9906258583068848
3711,1.527939796447754
3712,0.8831117749214172
3713,1.0275914669036865
3714,0.3181692361831665
3715,0.7712929844856262
3716,0.8480183482170105
3717,5.273256301879883
3718,6.004542827606201
3719,2.050865411758423
3720,5.2560553550720215
3721,0.5150795578956604
3722,1.5503454208374023
3723,1.2580758333206177
3724,5.58437442779541
3725,0.44764813780784607
3726,0.7723725438117981
3727,1.308885097503662
3728,1.3013850450515747
3729,0.7523181438446045
3730,0.6300446391105652
3731,1.4425801038742065
3732,1.8212751150131226
3733,0.7177225351333618
3734,1.0176663398742676
3735,0.4449029266834259
3736,0.5323524475097656
3737,0.9599530696868896
3738,0.5962234139442444
3739,0.742536187171936
3740,0.5985181331634521
3741,1.6971837282180786
3742,1.5297006368637085
3743,0.9145712852478027
3744,0.8366307616233826
3745,1.254503846168518
3746,0.5071681141853333
3747,0.6428821682929993
3748,0.5206312537193298
3749,4.704679012298584
3750,1.1893197298049927
3751,0.6083869934082031
3752,0.2513023316860199
3753,0.6462681889533997
3754,0.2938700318336487
3755,0.8271530866622925
3756,5.432730674743652
3757,5.81961727142334
3758,0.8525791764259338
3759,0.7364827990531921
3760,0.6622428297996521
3761,0.7600170969963074
3762,0.6877672076225281
3763,1.308816909790039
3764,0.5072548389434814
3765,0.49247702956199646
3766,0.7207695245742798
3767,0.882006049156189
3768,0.5353698134422302
3769,1.2052984237670898
3770,0.7171269655227661
3771,2.883718252182007
3772,0.7222590446472168
3773,0.4664483666419983
3774,0.5675018429756165
3775,0.6987341046333313
3776,0.5529168248176575
3777,0.9598724842071533
3778,0.5086047649383545
3779,2.710268259048462
3780,5.295628070831299
3781,5.463414669036865
3782,1.4241724014282227
3783,1.2993383407592773
3784,1.257076382637024
3785,1.317474126815796
3786,1.123557686805725
3787,1.2656277418136597
3788,1.4192755222320557
3789,0.8115603923797607
3790,2.404754638671875
3791,0.613704264163971
3792,4.1678547859191895
3793,1.0507898330688477
